cost,yaw,pitch,roll,rollraw,pitchraw,yawraw
0.2883129893735038,-2.3056471025341896,0.014842897542607803,0.00824629504160208,0.007081082328920602,-0.015941925288360918,-0.00011828140964342946
0.29992012841398547,-2.3027794650030473,0.01635993426092214,0.005680904804015939,0.007103805226185498,-0.01593178511659287,-0.00010336122900344747
0.2227937926534033,-2.2947028994066327,0.014348112047392923,0.004114058012335431,0.007168018463129706,-0.01590318220267454,-8.413653534432246e-05
0.19437286197854317,-2.2899978860131225,0.013402826996986342,0.0038388918280406427,0.007205406441033203,-0.015886345488061792,-7.877895765368409e-05
0.16038336861916067,-2.279829410190943,0.011809042215737437,0.004574919733294968,0.00728612407860712,-0.01584956897244422,-7.927585062365062e-05
0.17162384779503242,-2.262573282418626,0.01038794605895957,0.007982131574409104,0.007422705873582302,-0.01578603886969963,-0.00010155604934576193
0.18585179660662093,-2.2496170445954213,0.008413507728350209,0.010726820792369574,0.007524828711217778,-0.01573758101458768,-0.0001160626207748397
0.1952075819147515,-2.2432744914701366,0.006748829430806814,0.012233596496068819,0.007574659951114596,-0.01571363478563091,-0.00012167833534500652
0.2564893029690464,-2.2318326416539542,0.0038960901964745806,0.01553414896767702,0.007664286975554188,-0.015669966007102507,-0.00013664307506943343
0.4808124638021003,-2.2178655724678187,0.0013098363775943555,0.021888279796869164,0.007773188616865334,-0.015615684530029995,-0.0001759983993990369
0.6943462560536755,-2.210429125222125,0.00041548077986340104,0.026347175024568376,0.007830919259373448,-0.015586292846485222,-0.00020696634310179786
0.8097792575386952,-2.2071411683793025,0.00013322714715820002,0.028456308756863658,0.007856390965258035,-0.015573187259751436,-0.00022211611305354356
1.0507904754633572,-2.2010412284611047,-0.00044732516595197573,0.032412811906085276,0.007903542870974457,-0.015548720780550815,-0.0002502427409392512
1.3867658842551824,-2.1939553105886067,-0.0014262186388951312,0.03721198442235042,0.007958097684558239,-0.015520046207101705,-0.00028312207886263405
1.6389010925198293,-2.1906332888374216,-0.0017266954171774747,0.04044650313013633,0.00798354899702154,-0.015506351008452542,-0.0003067359607996808
1.7905930724979666,-2.189257264932079,-0.001568723917936505,0.042286311943314,0.007994077632939063,-0.015500553602189573,-0.0003215062093950954
2.1118762334730485,-2.186408228284038,-0.001099772123377437,0.045941993151687385,0.008015889580402816,-0.015488496344098553,-0.00035143852780326716
2.5995609401235913,-2.181804140793217,-0.00021083016579895837,0.05098545371735727,0.008051186448552771,-0.015468979099237222,-0.0003935826343373459
2.8435093610026887,-2.1784931851166434,-3.728406174400001e-05,0.05332455317113711,0.00807657147264598,-0.015455140256892331,-0.0004120162245602148
2.908528915388046,-2.176750279899548,-0.00024845321858446486,0.05393020662287713,0.008089926979809916,-0.015447993541116988,-0.00041565201123175004
2.9887958575101243,-2.173276107189567,-0.0006842402576756098,0.0546655986227161,0.00811657515555525,-0.0154338111715707,-0.0004191753779154343
2.9569331819601556,-2.16782528007684,-0.0006489415067843294,0.05437381775156981,0.008158649146322841,-0.015411689928745325,-0.00041645022595626435
2.8737184053919242,-2.16449671902559,-0.0004092949491054175,0.05360551168524148,0.0081844237489106,-0.015398223205935908,-0.0004111375323634212
2.8226782966379043,-2.162785816140836,-0.00034164261377880867,0.053127785357215435,0.008197660084268811,-0.01539130664641713,-0.0004075478772634393
2.708139349754754,-2.159174848344438,-0.00022781190047393957,0.05203928757672185,0.008225577466063725,-0.015376688078661537,-0.00039924868011009384
2.5402494388873373,-2.1534603963065684,-0.0006819182748932478,0.05039627393323542,0.008269565666193659,-0.01535349183865653,-0.00038413987344718017
2.404687963251656,-2.1493665985331014,-0.0011785159663362402,0.049023454217025,0.008301026287642625,-0.015336841247681357,-0.00037111325802288806
2.3259804252407568,-2.147178493143135,-0.0014522282041355354,0.04820654995416982,0.00831783559976411,-0.015327926583376403,-0.000363481388756218
2.153577483998446,-2.1427108001297603,-0.0019828166326764838,0.0463642742011522,0.00835215115282406,-0.015309683362210004,-0.00034668957463586506
1.869015295255457,-2.1353041388647207,-0.0022171343134290786,0.043175219868480955,0.008409075243929798,-0.01527919921061899,-0.0003205658606245432
1.6656175547534482,-2.1298915859072216,-0.0022648174284432376,0.04074908780290999,0.008450622133841401,-0.015256766691392146,-0.00030131874870169674
1.5581581663596296,-2.127425546463406,-0.002338771020788184,0.039404166232416986,0.008469541886432848,-0.015246539855552478,-0.00029051904842390696
1.3419109967553717,-2.1232604400092794,-0.0024342644601474165,0.03655113340641347,0.008501517179028088,-0.015229273471447048,-0.00026800324871190887
1.056862642438175,-2.1182484593236017,-0.0026305886131565747,0.03240281848831219,0.008539973385481707,-0.015208454908600592,-0.00023518400272000469
0.8963118917212671,-2.1161787738783597,-0.0025660723399715713,0.02982829469593091,0.008555911942084087,-0.015199895696766587,-0.00021572992762005066
0.8209905403375617,-2.11590957867839,-0.002452941644702121,0.02854774277636058,0.00855806307551146,-0.015198873120700798,-0.000206462810024146
0.664814451452543,-2.117673912955345,-0.0017938732949544858,0.02572151764679122,0.008544909431260262,-0.015206662699195631,-0.00018791433488111713
0.41986487349703644,-2.1296188356911867,-0.0003108086924573338,0.020488247154252348,0.008454346952224611,-0.015257808446103253,-0.0001549943591160681
0.2869359138133756,-2.146425614188163,0.0012148521019755385,0.016895562973269083,0.008326074060263804,-0.01532851277787214,-0.0001345527950178538
0.2410529041410284,-2.157556036461434,0.002034965923206194,0.015391940028223146,0.008240727918238839,-0.0153746774641177,-0.0001267105700758121
0.19029196412369848,-2.182979168037949,0.004653590082384365,0.01298599489715102,0.008044794869971396,-0.01547822473429275,-0.00011922035369087664
0.28303259198189995,-2.220502201529396,0.010950535959368278,0.012771779601311721,0.0077532215311133645,-0.015626089291717733,-0.00014223796993943126
0.4253274527344406,-2.2415373676143386,0.015158561434897931,0.013983757290473322,0.007588595261860683,-0.01570635248898879,-0.00016733239782388217
0.4935592351111691,-2.250183195638411,0.01666589408775551,0.01469037812198464,0.007520692498815572,-0.015738814465922766,-0.00017827298263268712
0.5723363021444914,-2.2623779860159368,0.01818102957496959,0.01554948442034566,0.007424663890938804,-0.015784152510175994,-0.00019021000285637243
0.5319008346895292,-2.266392058860353,0.01739485335400181,0.015143312434282706,0.007392930756926708,-0.015799137788074038,-0.00018392365649288168
0.4859695654169543,-2.2616768964224208,0.01610398880215875,0.015054272153674515,0.007430117795409101,-0.015781794046452066,-0.00017861820167932143
0.4756499336459673,-2.258121961073051,0.015509568965986391,0.015333075494997054,0.007458149060704948,-0.015768591292047853,-0.0001787264954564213
0.46427763432131913,-2.2495729425366777,0.014244296644434133,0.016167178091017666,0.007525464822608519,-0.01573660392099408,-0.0001808064417585417
0.4760999071288495,-2.2363171414732346,0.012439770930420606,0.017926293714192902,0.007629559542438492,-0.0156863713309572,-0.00018805698610826007
0.503621565625006,-2.2274772777935365,0.01123466635933267,0.01942688439816032,0.0076987724326780605,-0.01565245136463758,-0.0001952902704854831
0.5365508381842049,-2.2183422184397164,0.009602696129300285,0.021079351632166635,0.007770091098152555,-0.015617090314830709,-0.000201912712092392
0.5539216518461676,-2.2136300027569478,0.008724838123505475,0.02185861046738317,0.007806802442819088,-0.015598728783948246,-0.00020454763969316733
0.5967601146349164,-2.200064280991407,0.005503166418512908,0.023800741038990113,0.007912151523465156,-0.015545452811762407,-0.0002067780626063703
0.6343488908052382,-2.191599862751386,0.0035644093305021375,0.024932787187353672,0.00797767128223846,-0.015511838903779652,-0.00020760616089984547
0.6715204561610116,-2.1839080249492957,0.0019241915017308418,0.025842173732596074,0.00803708055206765,-0.015481049503404226,-0.0002077766675838375
0.6872837934488749,-2.180351812973897,0.001184130458333406,0.026189341887617602,0.008064506523344884,-0.015466741509760221,-0.00020731892977683157
0.7126284026665751,-2.170554992564425,-0.0008781739429334393,0.026680652413172506,0.008139936141493368,-0.01542711476834801,-0.00020224013684893771
0.7282302523829847,-2.1649868073248215,-0.0019272740233055338,0.02691683241434765,0.00818272954215476,-0.015404420825065974,-0.00019944482051381158
0.7519844948058412,-2.160186309582366,-0.00262267352192551,0.02729663126474093,0.008219580143194447,-0.015384730713103008,-0.0001992076865090166
0.7610070033725764,-2.157787494147011,-0.0028760595413147936,0.027436021666549775,0.008237989371822876,-0.015374858752601861,-0.00019907656204309464
0.7800188013865762,-2.149922527574004,-0.003721541704812452,0.027679756659441893,0.008298274714254102,-0.01534235774751745,-0.00019690502373960448
0.7958207412483124,-2.1448382710649985,-0.004375923204774584,0.027868836311447015,0.008337161079042456,-0.01532122213556505,-0.00019526015270299922
0.8138696726560596,-2.1402322545022465,-0.005254976310113959,0.028040237100213698,0.008372307781193584,-0.015301999616009884,-0.00019254591021412843
0.8282263156028938,-2.138119941191339,-0.005644265506993993,0.028220003233335244,0.008388403746740278,-0.015293146191763819,-0.0001921209544448872
0.8530373455194,-2.1332263928390574,-0.006350360086381627,0.02850807380888248,0.008425688272304183,-0.015272574370367829,-0.00019094978468416383
0.8511624540439318,-2.131406740802892,-0.0063796098941849375,0.0284686324160812,0.008439579924727061,-0.015264906946199261,-0.00019037181690263424
0.8250378793560031,-2.1298813155491074,-0.006081840065565353,0.028072212252918137,0.008451289343037292,-0.015258492354450362,-0.00018847706474481513
0.8095835711234689,-2.129119260306291,-0.00590803427154583,0.027833050536542142,0.0084571429735497,-0.015255287238258074,-0.00018732498682338546
0.7494194920916968,-2.1262621641172803,-0.005221655367062647,0.026872919590534308,0.008479082932137368,-0.015243253752334531,-0.0001826848244463346
0.7089230127112806,-2.1244530671772153,-0.0048511780497909685,0.026179936673729882,0.008492961446465143,-0.015235626622803236,-0.00017884008335187351
0.6760773244288298,-2.1231210756818295,-0.004464140189271009,0.025615401164131028,0.008503189516629333,-0.015230002600320494,-0.0001760881473426992
0.6531671560220348,-2.1226484868498026,-0.004200691846151297,0.025209548667830466,0.008506844589955102,-0.015228018550820227,-0.000174084874874113
0.5694955815557764,-2.123248376188167,-0.0028329504916968238,0.023695357626914413,0.008502513204231427,-0.015230646333980427,-0.00016841058902149772
0.48474000903765974,-2.126244334122796,-0.0014969336329739107,0.021965864397654175,0.00847990884164851,-0.015243454722806107,-0.00016107677058050014
0.3653873475734376,-2.1326059754726043,0.0004960881889791647,0.019108669343577876,0.008431666847794334,-0.01527048916570481,-0.00014799541090431125
0.30422981762854223,-2.137034799076497,0.0017558606135592422,0.01735358093115924,0.008397975487719799,-0.015289195706531557,-0.00014003776877358928
0.16565698019647215,-2.156455157797182,0.0066930602259195685,0.010993631111179129,0.00824942962830545,-0.015370196823123237,-0.00011209494356698521
0.16664213739460146,-2.175272785415445,0.010886622468645331,0.006937116736785399,0.008104457797874037,-0.015447126866762034,-9.769394106725967e-05
0.26117251102463357,-2.1948555133108334,0.015741227661599116,0.0036587241943525075,0.007952659722744698,-0.01552559102137679,-9.099401550964304e-05
0.33879796474156937,-2.203593907161942,0.018243179069103763,0.002446299694269645,0.00788462272517852,-0.015560064024545963,-9.095311024713513e-05
0.5453499776119322,-2.216087192378802,0.023352088278334737,-0.00017306256901335694,0.007786880380091586,-0.015608704274524156,-8.957363455254932e-05
0.5562053256649618,-2.2120454651361734,0.02348085587026245,-0.0022033459249340055,0.007818210976831963,-0.015593008260254304,-7.46174370111826e-05
0.4662141118575962,-2.202907167560492,0.02127995126607703,-0.003657565579860848,0.007889363145348974,-0.015557349530748613,-5.5498256554727207e-05
0.35403842984016126,-2.191578197571464,0.018485688071227042,-0.0035096675588231346,0.007977522581701979,-0.015512602686095944,-4.651758244841827e-05
0.26030788037627994,-2.179407461621981,0.016100216423476452,-0.0010444670858859185,0.008072054571964934,-0.015463853786003222,-5.6907113713548244e-05
0.19418662804427148,-2.1672362797397615,0.013633115240018472,0.0028852724129010054,0.008166295094000804,-0.015414457289312422,-7.790343540416822e-05
0.1666423092741793,-2.1547616827926293,0.010498302211177148,0.007511854628317318,0.008262460456512502,-0.015363193412826968,-0.00010107363274070892
0.20536532910379263,-2.1422686189250926,0.006928725256340285,0.012544245510430067,0.008358255687104656,-0.01531119135443526,-0.00012499106200067973
0.311875457580946,-2.1310139042016494,0.004115766329172129,0.017173698643699293,0.008444110067670778,-0.015263745322969063,-0.00014844844534678928
0.46810941263544503,-2.1210978368768534,0.0022696670376794975,0.021516459378195015,0.008519434608176911,-0.015221440961586254,-0.00017343112827776595
0.6527192005518401,-2.1123334097106885,0.0014996408213096256,0.025504318809936914,0.008585817866430097,-0.015183633269229863,-0.000200073368855236
0.8492779605373221,-2.104812920024517,0.0008754615577643856,0.029129221197934537,0.008642590568242282,-0.015150896481013655,-0.00022446640046588857
1.057815458822107,-2.099010900199606,-0.00016453249146518783,0.0325236588944319,0.008686163918498654,-0.015125433212121581,-0.0002452741305128445
1.2961308449067657,-2.0946416889419064,-0.0009200106191335517,0.03599006009118972,0.008718821663116742,-0.015106031759056473,-0.0002678507798645921
1.5571966736428464,-2.091419691887674,-0.001346017853776699,0.03943836849541523,0.008742785417693726,-0.015091517268250731,-0.0002917445912172761
1.8220422171730513,-2.089161798559584,-0.0010068349451961651,0.04267351052545575,0.008759565479496788,-0.015081116002472993,-0.00031741911287202915
2.0444802609402277,-2.087400597023805,4.798094400853871e-05,0.04521590382563683,0.008772768664385458,-0.015072878297837964,-0.0003410355474266324
2.213191122471044,-2.0855584273025487,0.0011961813739507913,0.047029355434575724,0.008786666742573227,-0.015064354860580904,-0.0003595567582273048
2.2963757829948883,-2.0834445354841535,0.0020259115019403773,0.04787767188973576,0.008802645861105254,-0.015054813175127298,-0.0003693849976458793
2.305230845073413,-2.081439553949178,0.0026338568437073314,0.047940521932914634,0.008817834116464324,-0.015045899844959585,-0.0003723417476071166
2.208907425702897,-2.0794511476425264,0.002862019628263463,0.04691179243378291,0.008832924862841544,-0.015037289128235426,-0.0003654240373217825
2.080487179238632,-2.0771832202894562,0.00320131858592833,0.045499876247634144,0.008850155831573865,-0.015027479301344949,-0.000356105770641358
1.9467054760379023,-2.074631071121281,0.003723277985883912,0.043964106690318805,0.008869540847539265,-0.015016384784879572,-0.0003466628881983557
1.8314301676822398,-2.0718819650811637,0.0041534626746442165,0.0425931792132564,0.008890350989858723,-0.015004365808066447,-0.0003380600328510207
1.7175178398658462,-2.0687463173807354,0.0043777655555076464,0.04121107871200239,0.008914004325849505,-0.014990614547087227,-0.0003284519701014461
1.5879634348285354,-2.0652276591150622,0.004401089990786006,0.03960547742069951,0.008940485878110279,-0.01497516488208293,-0.0003162683007113566
1.4794083172685308,-2.061317294889181,0.004078127528026229,0.038246270316642454,0.008969801099363711,-0.01495790010398653,-0.00030437234046129763
1.4226796744134425,-2.059411483233021,0.0039981598414448255,0.03750592476257185,0.008984091710135601,-0.014949465478424167,-0.00029834476975636393
1.1794630528831407,-2.0547620812514737,0.0037704576152040896,0.034135710073983964,0.009019015342567178,-0.014929041605710026,-0.0002718384393947041
0.9413190848124111,-2.0525092695341485,0.003829481688031075,0.030440994642314922,0.009036049511470638,-0.014919344633073534,-0.00024440227222588925
0.6765807088641511,-2.0508332810728005,0.003615382191741394,0.025758682428878042,0.009048760700614845,-0.014912313788983009,-0.00020843086563571446
0.4325685972741808,-2.051065461295313,0.00283866945070387,0.02060365387555861,0.009047176262890673,-0.014913897422400724,-0.00016648785898917227
0.25111985575245865,-2.058571890080053,0.002504443394155221,0.015647607454110386,0.008991269430592532,-0.014948130717750807,-0.0001282132015145517
0.1858538173576572,-2.0867019567047693,0.008418409320224583,0.010723068678079659,0.008780405202230519,-0.015073121364033696,-0.00011777420345062129
0.2501613472762228,-2.09793543475625,0.01147057577447494,0.01088977679653038,0.00869566642486009,-0.015122003724054388,-0.0001322099034823455
0.2930002572083219,-2.1022528658029813,0.012303190828224135,0.011900913941904772,0.008663037108756688,-0.015140612289069594,-0.00014338527423950222
0.29092181327653377,-2.100228697364963,0.011187736462842093,0.012874640426611038,0.008678349490517445,-0.015131845910295828,-0.0001459548963659772
0.28023081311627185,-2.093303628401766,0.008608788615436107,0.014356864967360024,0.008730626383835914,-0.0151017709770031,-0.0001459891238827969
0.2750522097160561,-2.0846558223789655,0.005969279093047947,0.015473199954287309,0.008795731230808818,-0.015063957965804892,-0.00014279884047800406
0.2800629987518405,-2.0752473205643005,0.0037619589362714286,0.016306767420725912,0.008866376231670995,-0.015022473454419894,-0.00013916487121992045
0.30339732721577395,-2.0662283943477657,0.0026352454926613974,0.01721780498231937,0.008933943255754844,-0.014982330222861858,-0.00014075682866240434
0.34051537364544276,-2.0577906084207123,0.0028848722629364896,0.01822615937799246,0.008997057590460988,-0.014944420097538226,-0.00014917194587022446
0.3933480738425598,-2.049254642534524,0.0031913150169756064,0.01957456467727918,0.009060734994883803,-0.014905763972473902,-0.00016035043448108647
0.46026855099979436,-2.040614386301779,0.00257784068329987,0.021298433942694435,0.009124940603486188,-0.014866374354670787,-0.0001700836298985188
0.546942307517172,-2.032729093368747,0.000520334123775449,0.023381008530788547,0.009183224429471323,-0.014830219928773567,-0.00017577013531654476
0.6694830229737395,-2.026176434478591,-0.0028221089326193596,0.025720006301441094,0.009231308735798046,-0.014800022013745891,-0.00017731040100862135
0.7983497547266757,-2.021259052238265,-0.0053699817798385655,0.0277400982408296,0.009267238003423701,-0.01477721929809815,-0.00018008512704488687
0.9409589774656403,-2.0175877854861985,-0.006732526454252325,0.029927112540444542,0.009293988421151167,-0.014760042085242498,-0.00018958356674607892
1.053876404795252,-2.014690010275918,-0.006954543181876507,0.03170978924443786,0.009315162596772546,-0.01474639685213959,-0.00020141970848166148
1.1117308554851228,-2.012187812552834,-0.006295671774891134,0.03274286750405288,0.009333589999094484,-0.014734590978041025,-0.00021185696003333146
1.1250371336677119,-2.0100788303965103,-0.00553282533231804,0.03308209451515686,0.009349191792011038,-0.014724662103234004,-0.00021771081645766466
1.1111791260180575,-2.008933657007358,-0.004811534806409314,0.03298527336289286,0.009357727143211628,-0.014719275043358328,-0.00022026158012927448
1.112363593640216,-2.008264658435134,-0.004100616325226064,0.033099071579026286,0.009362733381234561,-0.014716088082602722,-0.00022436386503071743
1.145231094993416,-2.007781584801263,-0.003297658359651197,0.03368020998058709,0.009366339818737315,-0.01471370799876218,-0.0002323552500566986
1.2086643253494938,-2.0073876976283618,-0.0027868469204278858,0.03465397249366363,0.009369216407527546,-0.01471171246429341,-0.00024187544280571726
1.2927342694557031,-2.0067967273968943,-0.0026908934167133368,0.03585377751472768,0.009373464929231624,-0.014708788545410858,-0.0002510950299781534
1.3473322860304662,-2.00573150693118,-0.002889190652476751,0.03659214209914619,0.009381199637580908,-0.014703715377824823,-0.00025549309736373234
1.362324486420275,-2.0051527419006208,-0.003162978117709006,0.03677390454992737,0.009385397715046562,-0.014700997314323961,-0.0002554883901210224
1.354816060330434,-2.004002955559054,-0.0036827615600780995,0.03662312558510053,0.009393788293869023,-0.014695656671409438,-0.0002518262466154459
1.3063051179183547,-2.0034387420885555,-0.0034674914580845786,0.03597612570728629,0.00939802786351236,-0.014693071342654527,-0.0002480285259481502
1.2337863999695722,-2.002881007706995,-0.0027912784746032485,0.03501421374880191,0.009402309369423684,-0.014690519644429363,-0.00024408801234369367
1.1493372561957569,-2.001944890877241,-0.0015947102691575804,0.033864349327178876,0.009409444270270925,-0.014686169365541766,-0.000241187572022922
1.0076385304014734,-1.9980496162285364,-0.0005960210067234586,0.03173772659408701,0.009438325601725991,-0.014667992363604453,-0.00022997045658711043
0.9416724574282366,-1.995091787653037,-0.0007580427005681319,0.030677317821027835,0.009460070092659896,-0.014654148958090207,-0.00022120617735162042
0.8447601892972882,-1.9920446070016662,-0.0007758794567453293,0.029054400705674326,0.009482503509611244,-0.014639894355696629,-0.00020901219229187246
0.7837819771517434,-1.9907149127432024,-0.0007837701334359743,0.02798513322336839,0.00949230929032261,-0.014633696809473667,-0.0002010556877492733
0.5088880598318483,-1.9898105917924152,-0.0002275130511814663,0.022557400063912294,0.009499312978238262,-0.014629866089633611,-0.00016393211978164873
0.4054746383087136,-1.990597847437987,0.0002065152409954457,0.02013534180896739,0.009493710235275904,-0.01463377127153265,-0.00014831336680732877
0.14641091547537002,-1.9968785559063946,0.0017893562193247346,0.01196700128669392,0.00944807748662569,-0.01466394678805259,-9.619600494158283e-05
0.06958218372773764,-2.0031294509021533,0.004391405391360047,0.007092090130312188,0.009402326060865362,-0.014693522826770103,-7.274886675077078e-05
0.06599587587616867,-2.0053426426209535,0.006414842073997046,0.004984543814818559,0.00938606777759831,-0.014703923045375954,-6.675123468026108e-05
0.12058292248436776,-2.0070812412311394,0.010977607717577581,-0.00027395489290920553,0.009373089498246497,-0.01471205837805281,-4.9432407938491727e-05
0.1290543397992212,-2.003050520603192,0.011029556009641372,-0.002720888463242308,0.009402611394761288,-0.014693186277153074,-3.186527124632556e-05
0.09785282398685771,-1.9971943922352131,0.008990867685482583,-0.0041251814807354535,0.009445604505460403,-0.014665665795739623,-1.2213858791661845e-05
0.05120380170391624,-1.9916311985996726,0.0060673903752507434,-0.003793491233445897,0.00948646870041722,-0.014639387219468203,-1.0122749821063767e-06
0.024884957507738708,-1.9860749758065779,0.004641314509656461,-0.001828430236621325,0.009527186314572885,-0.0146129897601952,-8.750044269790683e-06
0.028994881819933854,-1.9761115828212565,0.004595735100502129,0.002806082804542043,0.00959993820249086,-0.014565288278813256,-4.2495076725753e-05
0.033602255717488386,-1.9723718142150894,0.003843803420791809,0.004339058766575716,0.009627165019412853,-0.014547294570273655,-5.006329074426539e-05
0.05357935452928799,-1.9652721598107101,0.0016640144403040247,0.007128142147274258,0.009678702988642549,-0.014513003627422008,-5.977841454814563e-05
0.1066658549206054,-1.959222798973379,-0.00032919456968544215,0.010322668543351328,0.00972243607521008,-0.014483603280117214,-7.315505054911019e-05
0.2388897628127628,-1.9534485328757787,-0.0015797171400762859,0.015375118099387464,0.009763974707595558,-0.014455285061411739,-0.0001034153608338654
0.3002453782811085,-1.9520962258085972,-0.0014894130926802053,0.01726345929761649,0.009773666361738988,-0.01444857247610162,-0.00011744014275139878
0.44187913087865927,-1.9498686735798143,-0.0008766116687205539,0.021002635140879876,0.009789605800064254,-0.014437404357832464,-0.00014732599746870354
0.5949964007045336,-1.9484055560775333,-0.0006409045455543146,0.024384126846537308,0.009799987451093834,-0.014429955805462419,-0.00017279874077202347
0.8307083008858759,-1.9490352515700222,-0.0006650350940218745,0.028814337216212266,0.009795142345150575,-0.01443262397725816,-0.00020468987897983047
0.9068165308067945,-1.949981451733983,-0.0002816439788379976,0.03011207743540752,0.009788258601347584,-0.014437092945487938,-0.00021600313741189676
1.0684390166556228,-1.9520664738112,0.0008985507700315455,0.03267463271667026,0.009773141678586865,-0.014446905106556936,-0.00024043661701111864
1.2188476256558356,-1.954348189685988,0.0023294025003471846,0.034834200287177715,0.009756657193088509,-0.014457647302043297,-0.0002632024588017826
1.3915498545604785,-1.9569221437470095,0.004558151348763025,0.03702395320386855,0.009738149217587125,-0.014469666189226477,-0.00029009295720504715
1.4154394007692388,-1.9574004603296316,0.004948055340141236,0.03729552451863546,0.009734716425775825,-0.014471913109156622,-0.0002939908119401095
1.4013427334292567,-1.9571191103107635,0.005369458737783598,0.03704742428688526,0.009736821369666714,-0.01447053402148712,-0.00029422650103272185
1.354856460653363,-1.9564578538389683,0.005557794974835687,0.036386362495735326,0.009741673764286708,-0.01446738999567762,-0.0002903150033132655
1.2482064009850367,-1.9558057350867246,0.005677869817312054,0.03487073551450691,0.00974650509291171,-0.014464416038039236,-0.00027989411846921283
1.2217072267937108,-1.9554274434162087,0.005746204767186452,0.03447736007247763,0.009749273540641019,-0.014462619881807099,-0.00027735818104471927
1.173117883878734,-1.9542877766639948,0.0059837548099130975,0.033724065031570195,0.009757585819701247,-0.014457140907730216,-0.00027299959363784516
1.1120149782416284,-1.9523807616501598,0.005889124844199543,0.0328227541015537,0.009771410306989364,-0.014447961532082054,-0.00026591053879869913
0.9881679169385408,-1.9476033194223814,0.004989842574581408,0.031036581448662087,0.009805907756006956,-0.014424896701375456,-0.00024833722881658786
0.9465059681040094,-1.9455950648118243,0.004568368732432731,0.030424266223337916,0.00982038115838084,-0.014415157111952365,-0.00024173785253588868
0.8713676081735287,-1.9407141184613015,0.003495326614285058,0.029311265752829562,0.009855492786942368,-0.014391373034152895,-0.00022815693799773014
0.7918579994004354,-1.9353563320427463,0.002493396774686008,0.028029287752713603,0.009893991709551622,-0.014365142944556831,-0.0002136724841385805
0.6201381165037833,-1.9285777554928218,0.001615320053717689,0.024850127919748034,0.009942729238729062,-0.014331908504889086,-0.0001861155146657826
0.5400424501217143,-1.9266734195627087,0.0013553165410422725,0.02319925790182288,0.009956439652619026,-0.014322599917505004,-0.00017289219268014076
0.3653945171406614,-1.9239204091301647,0.0005778497634302727,0.019106559260933534,0.009976290160044138,-0.014309244539461672,-0.00013958702339367883
0.22214090789347155,-1.9229827089180087,-0.0009122306855815661,0.01487644927628078,0.009983088704708544,-0.014304883164753245,-0.00010185118245165683
0.11318716851682131,-1.9298112344650962,-0.00625999892941329,0.008602300966634786,-0.009934180887360523,0.014339179937112234,3.058008916399816e-05
0.08919310472091135,-1.9341268329630963,-0.005854320008054907,0.00741080575674463,-0.009903283986815701,0.014360599666859783,2.4222617328644014e-05
0.047247435896202124,-1.9472556475493203,-7.716949115567496e-05,0.006873243831396999,0.009809008445093952,-0.014425269524788094,-4.9195909913653524e-05
0.0480322556956141,-1.9626901511568091,0.0033673563189754513,0.006057488515603657,0.00969746893800714,-0.014500485648392862,-6.024585429326332e-05
0.10358307480800034,-1.9805251971014164,0.007546077523190935,0.00682933297050253,0.00956782376600497,-0.01458620958944245,-8.590688771162299e-05
0.12377480918773087,-1.9830170795384832,0.007962695662242858,0.007769831850061469,0.009549656397141471,-0.01459805769374861,-9.473289164350168e-05
0.16674769603716125,-1.9811858381395546,0.007066731531657839,0.010807821311283513,0.009563020221110628,-0.014589194661080628,-0.0001126292632259731
0.21752044758644334,-1.9757054269663372,0.005200535800039052,0.013801263528349697,0.009602883959903497,-0.014562853900267424,-0.00012546512408906647
0.29477273998177045,-1.9633133836127654,0.0010589678786254847,0.017136257672368548,0.009692642765325263,-0.014503064961767944,-0.00012939961115414388
0.31927599447053556,-1.9578463855456945,0.0006495492770838132,0.017856485662278997,0.009732197109685791,-0.014476487572340225,-0.0001324140400554405
0.368678062592029,-1.9529516036311134,0.000716815490751569,0.01918760636828491,0.009767545021389263,-0.014452531235628362,-0.00014216006267969797
0.4832994334031183,-1.9441190732316116,0.0011371988145655008,0.021954639879972277,0.009831175305120522,-0.014409020353353301,-0.0001637694036531022
0.5344801040138784,-1.9408499575686138,0.00024218680944527473,0.023117557171189372,0.009854581796207804,-0.014392887121086618,-0.00016756508676213426
0.6700186478151223,-1.9352634889978135,-0.0026837741130795135,0.02574521323129965,0.009894310102020382,-0.014365246236359257,-0.00017164879033033345
0.8373709314380433,-1.9310175349585175,-0.005136316306589884,0.028477871869869456,0.009924300469210055,-0.01434409991450061,-0.0001787647794179743
1.1146603544584681,-1.9267551073318447,-0.007158119746667765,0.03261014682810909,0.009954191081793604,-0.014322637010901447,-0.00019791308168535575
1.193837074498935,-1.9256878147624485,-0.007343622091552387,0.03376252788337092,0.009961682333679044,-0.01431721739436673,-0.00020512442228635361
1.3297430988956291,-1.923461247831807,-0.007178662396120999,0.035752061550323885,0.009977414587372432,-0.014305897033307965,-0.00021993275752430044
1.4398396004788632,-1.9212396535191802,-0.007233339131387532,0.03724940812266956,0.009993116132578181,-0.014294640534516213,-0.0002301062572778577
1.5324821232140478,-1.917968217553388,-0.007716032001829144,0.038378965246092765,0.010016273441695641,-0.014278177003376608,-0.00023536301734786754
1.5720710495752737,-1.91729112453846,-0.007672744041009447,0.03889987208791859,0.010021048759231717,-0.014274720416347935,-0.00023921412002404557
1.685005454652147,-1.9162185684693818,-0.007635168085132357,0.04033248892597534,0.010028527127433788,-0.014269166605052624,-0.0002494898154940299
1.8087098114006752,-1.9152401256709322,-0.0077211081918145625,0.04182217473650754,0.010035298115576895,-0.01426407570026317,-0.00025955741968648727
2.0080027259822524,-1.9137710179953544,-0.00900811184372064,0.04389597529379285,0.010045264384709674,-0.01425652733999032,-0.00026767944681011364
2.063310372364496,-1.9132835760533613,-0.009573390875896717,0.04440338455007448,0.01004856347037793,-0.014254054683925613,-0.0002683853901817932
2.136323602644019,-1.9129850132573452,-0.010301363326736762,0.04505780194655064,0.010050460263166364,-0.014252522563894199,-0.0002693460180866591
2.1627988079001788,-1.9132678465657706,-0.010410849640468615,0.045325633119281776,0.01004838383719697,-0.014253915951150626,-0.0002707469859741079
2.1250595225603477,-1.913942641559349,-0.009074698280673834,0.04519634248116858,0.01004384148366793,-0.014257217632637905,-0.0002766392549050325
2.102828307956909,-1.9140418794111358,-0.00871157539462936,0.04502151443588495,0.01004322589279855,-0.014257710558385655,-0.00027723137936914777
2.0665113391172354,-1.9142392302224063,-0.00810772375633675,0.04473003638058176,0.01004196990036733,-0.014258692036336448,-0.0002782144923128761
2.0366311705534157,-1.9139570248722293,-0.0076951913325481016,0.044468136917447894,0.010044092224977706,-0.01425727679111729,-0.0002783799117100648
2.028118047136816,-1.9124267202920135,-0.0075949234232538295,0.04438958419868028,0.010055026985021212,-0.014249589811665306,-0.00027811148259374203
2.04224029467309,-1.9118499606825714,-0.007814122105065971,0.04451044585712672,0.01005908007649596,-0.014246691252853409,-0.00027778969154814424
2.076848094124061,-1.9105998483956557,-0.008460452154184317,0.044780228265059334,0.010067828974114892,-0.014240417550060504,-0.00027628135184960926
2.0864879464675727,-1.9096413349601524,-0.009023513658746816,0.04477794264722289,0.010074550822321338,-0.01423563716039658,-0.00027329102154157614
1.984140446903526,-1.9089886961582454,-0.00927655932870871,0.04356702760029049,0.010079324285170025,-0.014232531231533702,-0.00026330366381485193
1.8982415071315089,-1.9089072460593828,-0.009135339904909945,0.04260031774474539,0.010080065473889809,-0.014232235800334263,-0.00025712478145933774
1.6502932613487735,-1.9103841563249317,-0.008207120183497339,0.039786133760927364,0.01007008803606219,-0.014239959243780445,-0.0002419692617192744
1.3494736794548954,-1.9138813747174175,-0.007022761180441486,0.03605765528784948,0.01004581164441057,-0.014257898141914157,-0.00022179159069365303
0.8767737017901156,-1.9227731452498942,-0.004560004770806912,0.029257136877697616,0.009983341962105173,-0.014302965710443167,-0.0001864787963537666
0.7315849689124131,-1.9263429808124874,-0.003460247940968365,0.026825578336718805,0.009958122519667949,-0.014320921219078075,-0.0001748625379852724
0.47422126906341217,-1.9329055224674938,-0.0007022530281771076,0.02176529599495096,0.009911675298913895,-0.014353789003891521,-0.000152732716490843
0.2933101620446337,-1.9380205647181714,0.0018291864906375599,0.017028336349364924,0.009875323048432492,-0.014379301896481164,-0.0001314632115926816
0.15521596333834906,-1.9396777567379344,0.003681397745695299,0.011902238191883853,0.009863620860795976,-0.014387696733718303,-0.00010378023680276896
0.1305481484629417,-1.9396805608843362,0.0034560828804757323,0.010890529812007508,0.0098636088790277,-0.014387770163176902,-9.539100759132629e-05
0.10954278037294425,-1.9385286514639097,0.0017351982228636584,0.01032142759022777,0.00987184893005383,-0.014382173238354098,-8.278792050959675e-05
0.11332269365785781,-1.9360336271032257,0.00019981410640637905,0.010643437789583722,0.009889721806556439,-0.01436987903139785,-7.746125886859186e-05
0.16721917434798625,-1.9300825039685423,-0.0007923858711504522,0.012907025179303998,0.009932325214883454,-0.014340322047327252,-8.861143795467629e-05
0.19367162674189992,-1.9277779924686413,-0.0012208296637032231,0.013862943470782898,0.009948785449123107,-0.014328837228479238,-9.324830515558366e-05
0.2507553649741912,-1.9228809972521632,-0.0024197628435962825,0.015649284736208937,0.009983693578784718,-0.014304384928373826,-9.984898595370712e-05
0.3345148661011929,-1.9182677531302272,-0.003769387095848701,0.017897111136237664,0.010016451263805157,-0.014281242870940436,-0.00010891997752038307
0.49893953613603553,-1.91421684376019,-0.005445705512579259,0.02166295980715238,0.01004497016003643,-0.01426075946390025,-0.0001271157737563654
0.5707905877661622,-1.913629916171503,-0.005677909446512788,0.023206721700476416,0.010049015308436554,-0.014257717618353009,-0.00013691091644205507
0.7387568104732659,-1.913122118680617,-0.005554883784798347,0.026606391649576427,0.01005236679514132,-0.01425490670908148,-0.0001617206617787762
0.9069045014959135,-1.9134767428462065,-0.005325574421529129,0.029640221972459455,0.010049591976850153,-0.014256414493160027,-0.00018452974971501363
1.1261522882256532,-1.9156427938432619,-0.005229748261797548,0.03314818277589103,0.010033815693527593,-0.014266937966402618,-0.00021023713713317325
1.2586184938994927,-1.9186854829507423,-0.004838369468236479,0.035145535630977796,0.010011945174435948,-0.014281941550571997,-0.00022676933718306054
1.3160274824994709,-1.920495801248641,-0.004501974281098353,0.0359966624851777,0.009998970431954924,-0.014290875560567642,-0.00023472350105388932
1.4082545869028467,-1.9244080191002157,-0.003716613410239986,0.037342219693822044,0.009970965098916559,-0.014310184276310723,-0.0002486815582714897
1.443811001710783,-1.9295771328569615,-0.00229472351694627,0.03792815900741238,0.009934087687282392,-0.014335714707074553,-0.00026049377332004406
1.4615235800258033,-1.9328322965930793,-0.0017013450146452671,0.03819200184812188,0.009910799191476609,-0.014351777814822263,-0.0002656607601534186
1.4684687783339783,-1.934268462801566,-0.0014875320023521896,0.038291722694023006,0.009900511055756555,-0.014358858576777116,-0.0002675797944329124
1.4662399804348984,-1.9368550616593345,-0.001373324605567941,0.0382668781057802,0.009881951067745805,-0.01437164400458883,-0.0002682243563297289
1.3748919914330322,-1.9392647417934563,-0.001408405689234282,0.037052778368802046,0.00986474234320135,-0.014383703092444557,-0.0002595592752459474
1.3105688712512404,-1.9396592634071121,-0.0012904390975881186,0.03617877330958937,0.009862003892357392,-0.014385750859374335,-0.00025389244832086906
1.2844917233073314,-1.939664240485367,-0.001152246857952111,0.03582127929716736,0.009862019707484303,-0.014385808954812297,-0.000252002945508683
1.2350617417400953,-1.9394813683032481,-0.001082434181151255,0.03512677152804639,0.009863407696683852,-0.01438498801879069,-0.0002473351090113018
1.1366867524673114,-1.9390172936085053,-0.001635150690116968,0.033675110017458314,0.009866805348017864,-0.014382917873889173,-0.00023412675117806287
1.0532204988816753,-1.937880211638004,-0.0023258405597985196,0.03236990831887034,0.009875011375422946,-0.014377505815045101,-0.00022123241368277217
1.0114760426395997,-1.9371201152301043,-0.0027556932486473866,0.031684100071786146,0.009880483157693104,-0.014373856511034584,-0.00021411275692875101
0.9463355101276252,-1.9355974657907813,-0.003507871961720315,0.03056191002584429,0.00989143255419276,-0.014366496283071779,-0.00020219718805021444
0.8931066882342089,-1.9330198080984367,-0.004087190232998131,0.029604080195700957,0.009909956744314085,-0.014353865671246977,-0.00019222472092385553
0.8503026090978006,-1.9306322773874667,-0.004531327437518226,0.02880572305552831,0.009927103773227926,-0.014342125681308318,-0.00018408469070917962
0.8231319840760568,-1.929295889762826,-0.00480686433788775,0.028284731558089776,0.009936699156792024,-0.014335551439088585,-0.00017886395248886564
0.7641309801572334,-1.9269115749830323,-0.005516192306694912,0.027086945242917174,0.009953807556479037,-0.014323834279146424,-0.00016654617912423804
0.633514339724574,-1.9298107291796667,-0.007152306098619833,0.024132112572176925,0.009933112692458494,-0.014338539728364937,-0.00013748815618715705
0.5408638066916952,-1.937888824689975,-0.010849382030450919,0.020570724738059765,-0.00987505033995695,0.014378834392731672,9.431709511682113e-05
0.4817855823272153,-1.9447018651448036,-0.01067748513599609,0.01917751009640714,-0.00982615025817099,0.014412451655942436,8.573315612708049e-05
0.36149283983113284,-1.9626358915544848,-0.009301628214108211,0.01658229635477665,-0.009696849271361675,0.014500077802092915,7.512077900349981e-05
0.2687681865032895,-1.9950288506339144,-0.0005019495346563451,0.016386464938111203,0.00946138213033877,-0.014655048396311331,-0.00011770017000460003
0.30436003292510033,-2.015348965679904,0.002910123212244209,0.01720148876739039,0.009312173729082236,-0.014750217226144462,-0.000140416505959702
0.33799054028755116,-2.022919467811661,0.004030920643074083,0.017937174221621152,0.009256317189425734,-0.014785246753445462,-0.00015126305614150066
0.4183801834496272,-2.0345119729099785,0.0056653330940334345,0.019654113675851088,0.00917051584860697,-0.01483841141407986,-0.0001718010279804017
0.6107261209493982,-2.0382174066259258,0.005875611944747748,0.024004235151825516,0.009142899201234862,-0.01485495125307583,-0.00020516190463542677
0.6859537585672757,-2.032820495677006,0.0038648563453875327,0.02590398895916985,0.009182713196010538,-0.014830179977265797,-0.00020983836611812332
0.7209294058567624,-2.0286819356393604,0.0022624042634588953,0.026754643200862262,0.0092131944404443,-0.014811173056298093,-0.00020856924626674436
0.8079381291521948,-2.020311699205854,-0.0008767223455065466,0.028410728379981466,0.009274683648641145,-0.014772522591223438,-0.0002057966575392305
0.8158804219468943,-2.0105297915418063,-0.003429655972713789,0.02835697236758048,0.009346548498068206,-0.01472713847774303,-0.00019279094746477436
0.8545769325926725,-2.0050632614215775,-0.0028678092771179864,0.02909213987562188,0.00938677211027743,-0.014701433343211156,-0.00020040012801882898
0.8805574188561986,-2.00247391521046,-0.002176445720567487,0.029594264695741675,0.00940583709227091,-0.014689175786329153,-0.0002071353935064485
0.9522788299794582,-1.9974816357860143,-0.001426309846416811,0.03082603559008963,0.009442464281897264,-0.014665472013848527,-0.00021932142619240732
1.129505252049763,-1.9901567569207084,-0.004999049095165202,0.03323424077956184,0.009495454953133524,-0.014630757206779319,-0.00021940118741753454
1.298850297609292,-1.9865771638415404,-0.007444906189279644,0.03526221305366578,0.009521072076532702,-0.014613658956213254,-0.000222225179856743
1.4844836863844972,-1.9864445904565287,-0.009226262332549884,0.0374080174528866,0.00952151794128721,-0.014612885401449113,-0.0002294059014313517
1.5756727573653488,-1.9871922929280854,-0.009544752966110539,0.038530123905604986,0.009515863062454189,-0.014616331229521428,-0.0002361824667267792
1.7635258455939569,-1.9910793912351168,-0.008076801188961764,0.04121032793060427,0.009487342461126248,-0.014634371646451193,-0.00026325122057886354
1.8180769468663651,-1.994803281523723,-0.007340327853395912,0.042002339623776024,0.009460102996501648,-0.014651853210549954,-0.0002730115535331301
1.8248295993628345,-1.998441208258812,-0.006843070818107918,0.04216636077658581,0.009433500696804821,-0.014668977535790753,-0.0002770193743280572
1.825722097792951,-2.000165181247,-0.006527372658381533,0.04222695234055572,0.009420899079865657,-0.014677071567798657,-0.00027916607384554965
1.8792634976928586,-2.0054258456547065,-0.004837618506531221,0.04307970455885376,0.009382445269744456,-0.014701544721365953,-0.00029401130898343584
1.9116154276322201,-2.0073371805201625,-0.004179110680929746,0.043521838903575284,0.00936845084994784,-0.014710382876670229,-0.00030057539833794366
2.0819020980262146,-2.012865893479046,-0.002533209587023481,0.04555749057196223,0.009327796704156746,-0.01473575560449819,-0.000323898781090717
2.1263889036089414,-2.0145827102682428,-0.0022159153820347503,0.046059511749785224,0.009315141349707092,-0.014743644152918954,-0.00032927588637620146
2.217187559039285,-2.019921942740958,-0.0029205549268593992,0.046996360688445676,0.009275513080759369,-0.01476837341657171,-0.00033354073396140766
2.2271598868749583,-2.0236513413622665,-0.0033522765512537193,0.04707358206891497,0.009247870898097005,-0.01478567285932741,-0.0003325612761512557
2.2037105960597385,-2.0271015144665947,-0.003602194164351278,0.046805285954281406,0.009222337659931426,-0.014801672524526396,-0.0003298409418651623
2.182069350331892,-2.0286388341896835,-0.00346092151739689,0.04658423952993449,0.009211009724200348,-0.014808780065858429,-0.00032904127853026246
2.0800705206543033,-2.031156264298788,-0.0024233677469206647,0.045543361858974445,0.0091926680812714,-0.014820434453861102,-0.00032639966428797397
1.9885668282599256,-2.0311792006253597,-0.0018267233788907694,0.0445559189104763,0.009192710662752198,-0.014820642812129626,-0.0003218275968627865
1.8851908942134727,-2.0302462698185835,-0.0013176091358455984,0.04339878800587188,0.009199831564471631,-0.014816488916173662,-0.0003154954162029957
1.8223777256676654,-2.029206123802279,-0.0012328916303273592,0.042671509276044295,0.009207625219865095,-0.014811808113351007,-0.00031039035734237446
1.689515802729651,-2.025205527250608,-0.001976226301771063,0.04105618506795096,0.009237282731280992,-0.014793672107199198,-0.00029459690751500677
1.6261038660017353,-2.022531189659829,-0.002947602481487021,0.040217104639852765,0.009256991240749447,-0.014781510846266332,-0.0002836257142903732
1.5945963929752258,-2.0192749697739423,-0.004367613180462488,0.03969282489419311,0.009280879052884968,-0.014766605246191618,-0.00027282556108298544
1.5724421499673966,-2.0176489580637034,-0.005080710485908036,0.03932719836100432,0.009292809466690451,-0.014759157291128745,-0.0002666374719286853
1.4064888898365717,-2.014329083804569,-0.006067448466988316,0.03700911994275212,0.009317398040052194,-0.014744075009197413,-0.00024458506927909756
1.2223971884861864,-2.0144638137938133,-0.005821688103704555,0.03447470284294516,0.00931670712915405,-0.014744986410030343,-0.00022705991644141217
0.9858204237326639,-2.0179630784928904,-0.004925997054691914,0.031008949945940292,0.009291346338848622,-0.01476158980330226,-0.00020599753120212428
0.8616904893774455,-2.0208642226944056,-0.00418434793709441,0.02905480548409814,0.009270182831181431,-0.014775209046511532,-0.00019526061660115644
0.47519028313646744,-2.031015191068116,-0.0002590381688842712,0.021797320531742624,0.009195946303697734,-0.014822518809558738,-0.00016036079851726776
0.27087336531883427,-2.0365275158928977,0.002161494036593061,0.016315676781813462,0.009155443858134877,-0.014848093579852598,-0.0001310262744891915
0.13523929823029399,-2.0388594330254417,0.0037328505254276873,0.011013860594047312,0.009138302029555009,-0.014858996922032058,-9.888449728024384e-05
0.08804511417799152,-2.0397323159490552,0.0043375286669562075,0.008320514361583941,0.00913185128501842,-0.014863082989188679,-8.16395208229189e-05
0.08411978302609455,-2.040403062422902,0.004204406105755539,0.00815124237917019,0.009126863807811829,-0.01486615617735043,-7.977575676332105e-05
0.10161204472342347,-2.0406848080679287,0.003551251087929696,0.009434016134918448,0.009124746671605155,-0.014867411001664884,-8.633250746367153e-05
0.15229122936376224,-2.039616432825307,0.0023044869108175066,0.012123554323779517,0.009132608827685728,-0.014862453103654062,-0.00010061724276972895
0.22407731338413564,-2.037492855950013,0.001807443432898591,0.014859692514349258,0.009148298354189465,-0.014852617020879632,-0.0001186225760257238
0.30810922877599767,-2.0343145011205843,0.0017262173797948557,0.017467953581736237,0.009171806118167107,-0.014837896584614216,-0.00013751391461539676
0.3862622169379035,-2.0306567539984823,0.0013694092018852909,0.01960578831303897,0.009198825287293775,-0.014820960513429368,-0.0001515919774612412
0.45712701553656077,-2.0275746314116705,0.0008845206206384491,0.021362224575362607,0.009221543234927722,-0.01480665413758838,-0.00016223630723921775
0.5567795254937062,-2.025444353366523,0.0002639921929065817,0.023594699269450133,0.009237147219555717,-0.01479666844193442,-0.00017578900388085764
0.6874874024517562,-2.0240738897934003,-0.00044855598175016397,0.026216143880879818,0.009247066588990336,-0.014790135306497039,-0.0001918069823712154
0.8653498231054281,-2.0231730573445534,-0.0011186564633394447,0.029395551208005216,0.009253443530919567,-0.01478568889882054,-0.00021215548852995643
1.0684394413072698,-2.0228435021750903,-0.0014152043970352473,0.03265634146413039,0.00925559548780963,-0.014783819452145332,-0.00023486303475360793
1.2472439648598825,-2.0226144053516983,-0.0017207862210289063,0.03527439382386889,0.009257028430996076,-0.014782462236684685,-0.0002527808782894025
1.3561941336980716,-2.0224956489976114,-0.0019136973051231089,0.03677678474693562,0.009257744299062853,-0.014781733621441825,-0.00026298145039339117
1.4076796098307711,-2.022867644260543,-0.0020483808900746366,0.03746309845114187,0.009254911697007696,-0.014783374848107449,-0.0002674654927717707
1.4237675022108365,-2.0234389564540147,-0.002067548399748581,0.037676156197594436,0.009250665469612574,-0.014785990908982857,-0.0002690058099381245
1.4446801517933507,-2.024011515790314,-0.0017004030924357722,0.03797089386775857,0.009246457281267105,-0.014788569095555825,-0.00027293694111775105
1.4497253978525912,-2.0241086142336435,-0.0013174914499118507,0.03805245871336043,0.00924578682979744,-0.014788975294755115,-0.00027531944266763226
1.4364301373753028,-2.0241118020031665,-0.001233568779728292,0.037880185393434684,0.009245791219663839,-0.01478900673836371,-0.0002744338438789231
1.4020200558002436,-2.0239253176618828,-0.0015312486252285803,0.03741223507688333,0.00924717087469702,-0.014788232606674622,-0.00026958018749535264
1.3654599411484538,-2.023451629605607,-0.001904660755901939,0.036903010833174314,0.009250667340428929,-0.014786139704535286,-0.0002640445613175267
1.3259348893408336,-2.0233624362802005,-0.0021644276541022797,0.036349004694365306,0.009251341451839593,-0.014785819600475774,-0.00025873894847528144
1.2733275334845457,-2.023469029260732,-0.0021330855084365848,0.03561990285919157,0.009250624206730384,-0.014786403654811988,-0.00025350335850363225
1.2120166415848013,-2.0237697801792254,-0.001938252677972152,0.03476003190650341,0.009248503298438291,-0.014787887995155184,-0.00024807369030088977
1.137794254060318,-2.024168887691299,-0.0017483707117951638,0.03368586430410321,0.009245669275377464,-0.014789850904066596,-0.00024104309919523121
1.0668098258560845,-2.0247578198688148,-0.0017781544756588507,0.03261361667335867,0.009241399113831228,-0.014792701978747729,-0.00023302444376674608
0.9981203271970361,-2.02592101050458,-0.00182482026682734,0.03154029737004412,0.009232875083645722,-0.014798200292755775,-0.00022496270609833206
0.9294837677995175,-2.0278501587714146,-0.001978345262367651,0.03042318060003564,0.009218666184530828,-0.014807232315209308,-0.0002161377400548438
0.8645886625617563,-2.030354688800897,-0.0018442750737016008,0.02934599311685122,0.009200213491805144,-0.014818871179792012,-0.0002089669753106359
0.789309989251988,-2.0329581755687567,-0.00149360058672067,0.02805493087746494,0.009181047041435634,-0.01483094645427863,-0.000201196359986557
0.6975070369497882,-2.0373846665337436,-0.0013124011105096376,0.02637773000610404,0.00914833209213533,-0.014851383796375123,-0.00018987998373536005
0.5755840230405322,-2.0488119976446453,-0.0010216289844460077,0.023969570235168422,0.00906350326989748,-0.014903615795144407,-0.00017399470424266984
0.4530510249939182,-2.0678110814820982,-0.0003582671160156415,0.021281979928275,0.008921718778113322,-0.014989233152057933,-0.00015790793458067253
0.3585177691291163,-2.091886518882318,0.000810392167379535,0.018917215272448697,0.008740830485661572,-0.015095669915681365,-0.0001463303208721393
0.32136303400945787,-2.1177777569734837,0.00274449592932972,0.01771526957467344,0.00854484698003448,-0.015207556818590531,-0.00014643282981567667
0.35178761570179967,-2.1433819789902993,0.005641120601753976,0.017887575969322018,0.008349631706457623,-0.015315532324463593,-0.00016053402271709816
0.43434120625061085,-2.1683218692402964,0.008933550442002466,0.01882904359628519,0.008158178894827344,-0.015418161938542927,-0.00018160023750255885
0.5626171328635355,-2.1872242421828028,0.011801878342971008,0.020575052866062035,0.008012257357892865,-0.015494178751847519,-0.00020668224167753898
0.660585686944454,-2.197290902599923,0.01280980835358027,0.022282156468551223,0.007934237194803915,-0.015534035903811081,-0.00022389100108619246
0.6921132430481947,-2.195244557132353,0.011121663884133479,0.02384159884522336,0.00795001701813406,-0.015525888773144937,-0.00022929949602381846
0.681992178863128,-2.1861937385299233,0.008411333019271418,0.024723301877015588,0.008019984985551976,-0.015489887114618316,-0.00022522167981733573
0.6498991453177403,-2.1759114998904874,0.006004034073180239,0.024776010981710332,0.008099317838260608,-0.015448632731971381,-0.00021570390728354588
0.6585407541806122,-2.165634372397318,0.004233877223641594,0.025310374114890937,0.008178425283811585,-0.015406878495733849,-0.00021230248799557718
0.707801279692254,-2.1553617780281633,0.003407435812492655,0.026385425160038573,0.008257334234449732,-0.01536460963335368,-0.0002167826815950165
0.7744612558604351,-2.1447973948602543,0.002455435408514394,0.02772060772809732,0.008338224331888579,-0.0153206965270206,-0.0002226017458131156
0.8457062991967522,-2.1337458903688025,0.000642080185165161,0.029073940775762933,0.008422491315895387,-0.015274355882267169,-0.0002247630075186359
0.9381889184498015,-2.1228778045081693,-0.0021009331491194513,0.030557732218748374,0.008504954223357892,-0.015228362570202965,-0.00022375370355495836
1.069921535184822,-2.1136338410936464,-0.005307785877114988,0.03227613583233781,0.008574700359999125,-0.015188869843422867,-0.00022237624991565665
1.224172636938822,-2.106597406442665,-0.007620662169956873,0.034148179234480575,0.008627581562159368,-0.015158507776259376,-0.00022595542792534776
1.3871551778223987,-2.10128766011106,-0.008735331082893757,0.036205651060223026,0.008667406361519712,-0.015135362329561622,-0.00023614854724612628
1.5223536182497637,-2.0966565819955005,-0.00939974260105737,0.03786817208796367,0.008702132556483342,-0.015115082947464421,-0.00024530429125923543
1.6226110687785429,-2.092513606452452,-0.0099953066284709,0.039021851752337286,0.008733186449416633,-0.015096909396309253,-0.0002509222814251183
1.7244487882771924,-2.088657995033366,-0.010676297220289118,0.04013060510310353,0.008762017725385676,-0.015079937655507391,-0.0002558232659727515
1.837922940520598,-2.085087327528675,-0.011407891944953848,0.041325330511598514,0.008788639864329397,-0.015064151300392042,-0.0002611478090561711
1.9553375405630853,-2.0818031966942563,-0.011762138311850712,0.0426261614844215,0.008813122284406597,-0.015049544566479828,-0.00026893490373411036
2.0976016709097682,-2.0792791908760293,-0.012067552882506053,0.044181170631137516,0.008831831219853576,-0.01503821315183241,-0.0002789289218175572
2.2317398872207064,-2.0775234287643802,-0.012521351529944815,0.04555168101271626,0.008844741392687266,-0.01503028433064602,-0.0002869696208445903
2.3524655890256136,-2.0761543884542077,-0.013277395068441675,0.046649505562461585,0.008854710060786536,-0.015024108213834457,-0.000291665120994897
2.4510882150469007,-2.0758437928268574,-0.013857844297089373,0.04752944736144665,0.008856786434220882,-0.01502263469855648,-0.00029565519660088274
2.459570252137558,-2.07698995317534,-0.013577235556835399,0.04769935981511453,0.008848207864117684,-0.015027667531272685,-0.00029835429757122533
2.4383543942973467,-2.078717427731623,-0.0125054381928932,0.04776995300291884,0.008835436911755576,-0.015035233294271894,-0.00030389269588751726
2.409476570817764,-2.0798740208836475,-0.0110620131756735,0.04782372251633064,0.008827029538049007,-0.015040243657350549,-0.00031084698727201375
2.376562922943832,-2.0806500570193496,-0.009851303627674309,0.047744263946354885,0.008821450017929656,-0.0150435999950379,-0.0003157058052565965
2.3406899583141683,-2.08161798777286,-0.009114420638752485,0.04751439039632153,0.00881434819097543,-0.015047852816418275,-0.0003173628225564296
2.317509998713123,-2.0824867162987912,-0.008633511758715217,0.047360030335983204,0.008807927646902376,-0.015051670380662545,-0.00031844053407860927
2.3327489833504176,-2.083059059398048,-0.008243105846424246,0.04758991688745699,0.008803665613346735,-0.015054125123135293,-0.0003219682827733882
2.3571792611977207,-2.083437795765976,-0.007890799102235481,0.0479052664195272,0.00880084154669881,-0.015055714575729061,-0.00032594442829923196
2.3255547433382513,-2.084212171514255,-0.007655803493249842,0.04761242921980557,0.008795097103612884,-0.015059150871300867,-0.00032487784176089677
2.2196654698147507,-2.085483542184281,-0.007232536951275369,0.046554869552638496,0.008785743486669632,-0.01506487708622711,-0.0003189414872850305
2.007878551056148,-2.088026878680045,-0.0063306850439865245,0.044359902816958396,0.008767021653584181,-0.015076314110523674,-0.00030667903185791417
1.7395321177839946,-2.0916405970044365,-0.004819267552731407,0.04142833303476239,0.008740366128304108,-0.015092459158397945,-0.0002916004557543884
1.4306003059979666,-2.0965148205225574,-0.0025573880300828527,0.037736720478355766,0.008704284149683602,-0.015114074785391144,-0.00027407710303753446
1.1270947009463506,-2.1032120515060124,-3.023740372630677e-05,0.03357221748180728,0.008654314126295965,-0.015143505237151713,-0.00025409352504537143
0.8418394819662811,-2.114896823727593,0.0032292418270109305,0.02883420675498052,0.008566355759484563,-0.01519414857543991,-0.00023290452235652
0.577163101498906,-2.141757280364962,0.009305032108433944,0.02214902884913737,0.008362237541622077,-0.01530809326898121,-0.00020844345743530797
0.5362816188473771,-2.1480205744029255,0.011245123385427222,0.02024422927389173,0.008314382182775155,-0.015334239311054213,-0.00020196873103588297
0.4784949255393154,-2.1529493865992917,0.013545825501943052,0.01717572522516079,0.008276646198712417,-0.015354783292692357,-0.00018792395557337468
0.3963666967200438,-2.150653561216717,0.013247563488644651,0.01486165395689097,0.00829421456902971,-0.015345504038132386,-0.00016896978487758444
0.28170714193810165,-2.1410501015753147,0.010646863115811023,0.01297503170444236,0.008367698793034128,-0.015305842949408396,-0.00014384264510258939
0.26119059375202686,-2.1373043142507875,0.009659045981987255,0.012957369504258288,0.008396322201485866,-0.015290210778636619,-0.00013961177917173458
0.25326697437806395,-2.12895070030979,0.007959194595819952,0.013781081081102977,0.008460062414574001,-0.015255055516002163,-0.00013878499508567562
0.28758381971177316,-2.1196379322454315,0.0067237310035461505,0.015568405862634924,0.008530948193011442,-0.01521544239071739,-0.00014712289117583754
0.38075135919460373,-2.104647215207357,0.0039066111595397425,0.019117786180485524,0.008644538403290726,-0.015150961433110415,-0.00016171726864766238
0.4261948670375402,-2.099839081231728,0.002879498703779542,0.02044268461461146,0.008680828155371573,-0.015130084006915942,-0.0001671543643013656
0.5377813169211635,-2.091274514007759,0.0009226032507822488,0.023171752634680215,0.008745276237428193,-0.015092643057990069,-0.0001789040350079642
0.6923751214693866,-2.0846224449601345,-0.0003693785851699431,0.026310429128583297,0.008795139342110297,-0.015063249816571318,-0.0001965470593607052
0.945751294246759,-2.077183762324828,-0.0015216519394180858,0.03071540117957153,0.008850684287356093,-0.015030039430209143,-0.00022410944076533588
1.0266048198972266,-2.075248980529785,-0.0017292864685127314,0.0319939742483963,0.00886509820538774,-0.015021337535767868,-0.00023264935211978667
1.180925328020346,-2.0721469585132644,-0.002232235418050312,0.03429201733725719,0.008888134693808624,-0.0150073272498429,-0.00024741753550822803
1.3204913600486026,-2.070295736483239,-0.002368883475561703,0.03626127067723652,0.008901831444748454,-0.014998852986568643,-0.0002614209811548265
1.5094917954026408,-2.0697807315710586,-0.0016698700942186884,0.03881627660236199,0.008905562007007975,-0.014996158975431948,-0.00028364550435387996
1.5631941433863157,-2.0699645228898342,-0.001187704639537656,0.039519406638707726,0.008904191153780843,-0.014996836801381034,-0.00029108167440671185
1.6506632005789668,-2.0705293432971597,-0.0001783770632291862,0.04062796305750856,0.008900007066141585,-0.014999098496342093,-0.00030393921918422755
1.7170293009179423,-2.0710982889430434,0.0006693638163370287,0.04143164555022309,0.00889579726968817,-0.015001427428997351,-0.00031378988007666945
1.7849257378148786,-2.0711867936898836,0.0013223024835308725,0.042227683502140234,0.008895163330325145,-0.015001631227849995,-0.00032267267653604103
1.7931726421242042,-2.071378402011744,0.0014823474483292242,0.04231991597542032,0.008893742766222778,-0.01500245255231789,-0.00032409324063840847
1.7654094821166333,-2.0716733817647124,0.0016541998923607145,0.04198420065730378,0.008891586021664767,-0.015003801269485723,-0.0003223648323350006
1.7040167217814945,-2.0714991304770973,0.0020761417638330555,0.04122749515988041,0.008893022019090435,-0.015003105784568942,-0.00031854922964645675
1.600868048936443,-2.0698992903939724,0.0027469507392575442,0.03991644160709388,0.00890522548359,-0.014996127103943196,-0.00031157118581928185
1.535230731573751,-2.0682875412828174,0.003055003881930499,0.03906274033980643,0.008917417069187047,-0.014989047137741757,-0.000306419756778694
1.4958321033131425,-2.0673385900288213,0.003152115479964133,0.038547325086367705,0.00892458008464464,-0.014984883322469104,-0.0003029195256916448
1.4249337554183001,-2.0654346469758793,0.002953942564911983,0.03763253882933626,0.008938881722194392,-0.014976536442152688,-0.0002950423485206704
1.3215412253728687,-2.062000791442266,0.0023919833703128974,0.03627422832989029,0.008964606769784918,-0.0149614150265659,-0.0002821113906915691
1.2892990832189435,-2.0607603371806476,0.0022342128893821926,0.03583723449129218,0.008973895638931667,-0.014955927370919934,-0.0002780459092063145
1.2169991645075506,-2.0581849639433765,0.0018789814486588903,0.03483487610460451,0.008993173417880937,-0.014944527343093197,-0.00026877304342285796
1.1414939571138052,-2.055419250488132,0.0015697183979274999,0.033749517644923656,0.009013869452025305,-0.014932245852174774,-0.0002590784471668608
0.9525509921462834,-2.050469330726791,0.0007553080063324106,0.030854181271941953,0.0090509016783242,-0.014910310498976972,-0.00023345985152932656
0.7537272349064716,-2.050024882598623,-0.0001628644909373266,0.02745361014628246,0.009054336394761013,-0.014908732226452469,-0.0002039246605711009
0.6406331483411534,-2.051770390868808,-0.0006016455712586471,0.025303580200195748,0.009041409013174507,-0.014916863949526401,-0.00018601478746732895
0.46027846683707124,-2.060238837362161,-0.0007156559209178941,0.02144216181824786,0.008978368785040072,-0.014955350902115352,-0.00015713056911471833
0.31849732920489227,-2.0813606372754037,0.0018793014835043196,0.017747268948742248,0.008820268614772203,-0.01504949413892217,-0.00014183572436434193
0.31486254503202304,-2.098154828498369,0.005284793105672876,0.016939111749506096,0.008693803408524952,-0.015122912128706551,-0.0001510606951729189
0.33813330119616586,-2.106120651199482,0.007039817539802553,0.016987473920582016,0.00863359022562353,-0.015157309743401218,-0.00015913547074622843
0.40802169269939714,-2.1180199187493023,0.009527614864482798,0.017811407796507372,0.00854337341433614,-0.01520816798080648,-0.00017614246927276025
0.5311579980712466,-2.1232801972354265,0.010172215172337051,0.02068052312101709,0.008503368282956343,-0.015230264729748994,-0.0002007405027952281
0.5707490641946538,-2.118844403210699,0.008574471122594901,0.02229859881612385,0.008537011352188697,-0.015211333313418491,-0.00020620457224593454
0.5771179107123445,-2.115187190430887,0.007404387236280707,0.022853729681772905,0.008564722276112813,-0.015195732021000774,-0.00020535729912871524
0.5560147345080586,-2.1062500740853354,0.004749871111485371,0.023096611416663165,0.008632336796109053,-0.015157476889534158,-0.0001955539877512997
0.5398526691937826,-2.092428963249212,0.0016685095079624773,0.02317474369255508,0.008736625932680923,-0.015097646860193327,-0.00018223930858619973
0.5879679739319114,-2.0838895024281254,0.0013851423599987908,0.024208456261696,0.008800936712284322,-0.015060127032927785,-0.00018839619820966043
0.6193762340404342,-2.079667760729948,0.0014581518487632942,0.024844517045545127,0.008832682519950908,-0.015041450846152842,-0.00019329899439816752
0.6991216474048807,-2.0710276490543977,0.0013574436902678583,0.026406040862511606,0.008897489673414923,-0.015003004213430392,-0.0002041363650924779
0.8585235003666378,-2.0590980280428917,-0.001272105320270997,0.02927294396573013,0.008986368708994682,-0.01494953210234406,-0.0002131069162610044
0.9973589926589644,-2.0530210986652193,-0.004005081415094904,0.03132600063074484,0.009031264883966536,-0.014922098613668108,-0.00021565307542542093
1.0722514210000125,-2.0507982441947528,-0.00510974519846036,0.03234411731686032,0.009047611008601202,-0.014912002251549015,-0.00021805563611641254
1.2080660232538276,-2.047987787398182,-0.006287454784973189,0.03418382564284965,0.009068217882114604,-0.014899133216680897,-0.00022616054033496732
1.3928548427278735,-2.0470865263670084,-0.005606489275486739,0.0368974541226319,0.009074751344577433,-0.014894682908738967,-0.00024936948394858004
1.492824580038116,-2.047066985330541,-0.004938704796024893,0.038320148420587265,0.009074849041964555,-0.014894368130989983,-0.00026299310998491364
1.519640566941497,-2.04715830646461,-0.0046044655808463834,0.038709681781904356,0.00907417954341809,-0.014894707553189385,-0.00026742043108904465
1.5551999983565792,-2.0478236316784453,-0.004037389608224773,0.03922880935623688,0.009069257766801352,-0.014897614114469177,-0.00027392898579985754
1.5746862847581853,-2.0503162690198127,-0.0028122277603579416,0.039582542361274085,0.00905083695000662,-0.014908762888051865,-0.00028236981447414685
1.6393764207960535,-2.0518431399473687,-0.0016023632901820204,0.04045749439451646,0.009039552694774133,-0.014915442571198638,-0.0002945163953651259
1.68055385648137,-2.0526050223083008,-0.0010428334806706265,0.04098129274209102,0.009033906029755668,-0.014918758326544755,-0.00030102530033229155
1.7697541951635534,-2.054029700966306,-0.0002657408368848089,0.04206760721708765,0.009023293661190347,-0.014924952109257053,-0.00031277535096034184
1.861685202808064,-2.0558334777420417,6.328324419809513e-05,0.04314720382642504,0.009009777737082785,-0.014932881080064412,-0.0003224912368486645
1.8539896189737757,-2.0570780526190684,-0.00015988341489004359,0.04305768289477987,0.009000456195346852,-0.014938520869769389,-0.00032093889662742654
1.8466905257915294,-2.05765440017209,-0.0001398088968978399,0.04297290983007641,0.008996162414374217,-0.014941125608128037,-0.00032045207046788444
1.8071202914021418,-2.058814767243813,0.00016495502582932977,0.04250991744571607,0.008987585425954963,-0.014946387199242891,-0.00031847429865026317
1.7082472160530096,-2.059806380111763,0.0015264564058285082,0.04130274987085139,0.008980494284729856,-0.014950900453801144,-0.00031565746303165225
1.632774391277655,-2.058873063829922,0.002403949177265253,0.040336031282598696,0.008987681829701522,-0.014946772815659193,-0.0003122945555278582
1.593443282057291,-2.0577348792878114,0.0027192877651910953,0.03982522763409361,0.00899627303105956,-0.014941703560143063,-0.0003098037396658509
1.511824120571735,-2.0546859196736245,0.002733549589370857,0.03878597461988271,0.009019124435531016,-0.014928129014715269,-0.00030186853039804775
1.4118652902674615,-2.0485624733709895,0.0014456060815450174,0.037546977419287184,0.009064708377692738,-0.014900748505090992,-0.00028632606601973736
1.3514127687647173,-2.0444474966791764,0.0004938132573886242,0.0367582496486373,0.009095281596085818,-0.014882261071603183,-0.0002758001634640267
1.3195442288359762,-2.0423438546618478,0.00014612907016416053,0.036325237440804556,0.009110918574728585,-0.01487277474316424,-0.00027082414752640306
1.2276643802954301,-2.038623036743697,-0.00035564377208323426,0.035036236924116275,0.009138611203862078,-0.014856010217364737,-0.000258650420158108
1.0264693775614175,-2.0351201247132287,-0.00022960840269759778,0.032037738021633615,0.009164866270865572,-0.014840343123319232,-0.00023669341011307453
0.8210696231061664,-2.034302324213165,0.0003115812126914502,0.028652618383911515,0.00917122961406158,-0.014836937991777956,-0.00021400218395133816
0.7033274208004525,-2.034423981946219,0.0007372318607793607,0.026510071859274623,0.009170501442390688,-0.01483768988970475,-0.00020006659202938495
0.4720864100813353,-2.03658467810387,0.002062855664944296,0.02162940213198096,0.009154823930327132,-0.014847960373391587,-0.00017002599054420512
0.22221891910867705,-2.045951126366745,0.006110979550126452,0.01359686905308032,0.009085614461187348,-0.014891049208895115,-0.00012899880915490114
0.1673425020364788,-2.052503036244008,0.00984562479897788,0.008390838715779883,0.009036843597627983,-0.01492083674515404,-0.00010708584561998171
0.16641225323165923,-2.0548139344037875,0.011418370255722992,0.006002755528495199,0.009019545823380085,-0.014931301860127885,-9.630843142428435e-05
0.18260802088774006,-2.0569301748856423,0.013285886726504994,0.002468447847984337,0.009003589913772791,-0.014940887476280713,-7.825090512571448e-05
0.1613740753032771,-2.055006312592439,0.012683121933517524,0.0007158863895925186,0.009017893252520504,-0.014932312833155307,-6.253299883362034e-05
0.12837153880709773,-2.052413225839949,0.011210450508826082,0.001642357511706502,0.009037318150650292,-0.014920648665193652,-6.290890610690652e-05
0.11703636490857876,-2.0508778564426526,0.010511914418515553,0.0025565641330472398,0.009048814214885941,-0.014913708445273547,-6.662410575742339e-05
0.11647442311261369,-2.0474250774473237,0.009633122175903806,0.004865940839829849,0.009074622715338446,-0.014898020125101065,-7.995474427360684e-05
0.16252405400721903,-2.041288604936082,0.009509090602322589,0.008491245487208532,0.009120363990768167,-0.014869944136258665,-0.00010649541729105321
0.19680138416710674,-2.0371579065456578,0.008680016382445142,0.011020830266708161,0.009151072319861316,-0.014850977939485577,-0.00012155152454173847
0.21839081386116937,-2.035234295606226,0.008143012906095376,0.012332159367780385,0.009165344765289999,-0.014842118558810182,-0.00012883571376543624
0.28101227742257917,-2.031959552144918,0.007204614613085378,0.01513624146541987,0.009189594590962268,-0.014826955702878859,-0.00014531866007295682
0.4492911746601802,-2.0283775251899736,0.006089907636999151,0.020302812603996512,0.009215995285829842,-0.01481012807971174,-0.0001784126567373057
0.608809847032399,-2.026718699871753,0.005808733659166349,0.0239805850702035,0.009228149746629492,-0.014802147835583084,-0.00020429495209771064
0.6878036459864746,-2.026032843521661,0.0056671765432208965,0.0256063811581106,0.009233155636091395,-0.01479882280317444,-0.00021564830124967446
0.8295403217573871,-2.024950585050601,0.0053342405247284235,0.028303466214966183,0.009241020311219497,-0.01479354864294705,-0.00023401874715111922
0.9569519154812783,-2.024351936038662,0.005244121295219505,0.030486900585699157,0.009245333628613404,-0.014790525762801982,-0.000249722072846987
1.0193748365490825,-2.0240573258841006,0.005648391019988116,0.03142404358822079,0.009247505235300596,-0.014789007577987815,-0.0002585057590438962
1.0525578075608626,-2.0236714443153097,0.005965496668973567,0.03188997737618087,0.009250367213946656,-0.014787132268100777,-0.00026339715751126945
1.1079659087690978,-2.022900549958637,0.006470246865744983,0.03265121459096759,0.00925607977941295,-0.014783414595627277,-0.0002713197858121068
1.1524718623266386,-2.021752751388663,0.007328483842270366,0.03314762716847498,0.00926462788898188,-0.014777944552053234,-0.0002789033539017592
1.1524720247532905,-2.0207949998923618,0.007360238438344798,0.033140593158300626,0.009271707322424216,-0.014773503932113257,-0.00027895094563458114
1.144443105566011,-2.0202197415421717,0.007206668907330435,0.03305309408854378,0.009275944414101176,-0.014770864597643076,-0.00027756405022900005
1.1083340589084927,-2.01917047342334,0.007062211084343874,0.032533970454106324,0.009283703176098414,-0.014766082335250669,-0.0002730083841626651
1.0233078317447868,-2.017267127598891,0.006888117011762467,0.031238784799941487,0.009297796455243212,-0.014757431365605768,-0.0002625482180578971
0.9572837288459136,-2.0153627324000456,0.006927438254380805,0.03015450759136443,0.009311897912747655,-0.014748707696811782,-0.0002546454529367034
0.9233154165712625,-2.01431439575832,0.006905116687971248,0.029591126712187953,0.009319650188763604,-0.014743897910066788,-0.0002503414024273153
0.8537416488610791,-2.0122170185272803,0.006770307472202599,0.02842366242398957,0.00933514419150068,-0.014734272300271125,-0.0002410200922411094
0.7619364199099868,-2.009353643110501,0.006299101013512803,0.0268748534197221,0.009356251659655975,-0.014721115287379486,-0.00022729725800981615
0.7117135070349249,-2.007250647672017,0.005904011605471291,0.026016459290176003,0.009371726843356566,-0.014711398186971395,-0.00021904852708480132
0.6872905651966524,-2.006390687305857,0.005700220074218464,0.025589022183392027,0.009378051761440803,-0.014707430215865349,-0.00021491604653132206
0.6321091603146493,-2.004864254519687,0.005366296861607835,0.024562410677857888,0.00938928709274324,-0.014700402843763906,-0.000205743154719649
0.5273505887708488,-2.003540705609448,0.005373109024076787,0.022326672125201136,0.009399092949196304,-0.014694406299686864,-0.00018929860947964803
0.4286598568418627,-2.004128854963438,0.004907131196557719,0.020114172124689415,0.009394809064905476,-0.014697400953791339,-0.000170870278244088
0.3165415961204569,-2.007882881298925,0.004624777265256324,0.017180018375054933,0.009367265780079084,-0.014715260547818028,-0.00014806905237243332
0.26664190543925,-2.0112452367811633,0.004659831079010555,0.01565017187619156,0.009342547822666232,-0.014731094914604066,-0.00013704253034286243
0.16764274608304303,-2.0280367416336493,0.005656124010603656,0.011646931237871881,0.009218629354462845,-0.014809212041984767,-0.00011231303136076593
0.1679000990740309,-2.042905984214007,0.007980955105055327,0.010208058321009055,0.009108332419694522,-0.014877303165960577,-0.0001122813752268818
0.21164994796817196,-2.0592185014584783,0.01118271672242527,0.009305739877847554,0.008986722976815974,-0.014950964883405388,-0.00011981282226455196
0.249507016684562,-2.0672808322801774,0.012873322710602588,0.0091533916704818,0.008926389667965955,-0.01498696862051692,-0.0001260465782410174
0.38627539788059,-2.0810152097565577,0.016455905157744456,0.01074609618977559,0.008823332792111692,-0.01504752655483384,-0.00015344808587633982
0.44314738108868,-2.081304043126032,0.016790708553922964,0.012697223607777338,0.008821233675227264,-0.01504861347186075,-0.00016959446094443663
0.4478740286360069,-2.079091169970558,0.016128786360366094,0.013701688916979378,0.008837902701052747,-0.015038818016977571,-0.00017430072625882533
0.43584387471439223,-2.0718769392056915,0.013967667355953952,0.015516060819286916,0.008892089195144889,-0.01500687297046951,-0.00017852605290171153
0.37244315713560616,-2.058513603567286,0.009638809682887233,0.016719345233372193,0.008992024495328646,-0.014947367814128707,-0.00016829468019183752
0.38439765531098913,-2.04996560620625,0.007918010078214178,0.01793607459039708,0.009055742339988836,-0.014908820550705444,-0.0001695591477479339
0.429254730538233,-2.0419004156896396,0.007021586258784139,0.019492358937508995,0.009115719519866594,-0.0148721096275065,-0.00017695562932386048
0.46025464951496875,-2.038059742022667,0.0067502035313095135,0.020363924027575465,0.009144228924020172,-0.014854518043871013,-0.0001821176624388628
0.5405278700710903,-2.02557262081354,0.004839631171071037,0.022739961306015626,0.009236601096993842,-0.014797051141500442,-0.00019060225477283827
0.6051268363171483,-2.01778054172871,0.0021316424160675138,0.02450679368924401,0.0092938923369309,-0.01476096789726333,-0.00019078796362276504
0.6954664338676663,-2.0115208886171887,-0.0007163199978573097,0.02636196729245251,0.009339678576156269,-0.014731807086479098,-0.00019084524898790818
0.806336536615805,-2.0067987940381267,-0.002339592012555939,0.028299520240290105,0.009374131033523282,-0.014709621673604012,-0.00019718320329463945
0.924991682227342,-2.0035160323492276,-0.003044416632989398,0.03026091884910502,0.009398027867009343,-0.014694058291873174,-0.00020803526215060062
1.0368763598206714,-2.0011942218584537,-0.0032590436656320157,0.03203521490806914,0.009414903181507785,-0.014682961708763652,-0.00021985966697679406
1.1285578928226287,-1.9992599159761684,-0.0034063619325836797,0.03342087059319182,0.009428956744049439,-0.01467370326867525,-0.0002291623631291168
1.1737636059668604,-1.9984842073940992,-0.003571754634007011,0.03407354068483799,0.00943456515046442,-0.014669980739740658,-0.0002330985937553612
1.275724035890423,-1.997217133579865,-0.004163447120874582,0.03547378953483972,0.009443641563841646,-0.014663875115303199,-0.000240452494846732
1.3573746354140357,-1.9967210136182088,-0.004534268075580732,0.036562481431555015,0.00944711604349753,-0.014661425156005943,-0.00024663245247392534
1.4368684274841872,-1.9964172128632118,-0.004784403556492757,0.037602897628943525,0.009449197334664487,-0.014659877651091545,-0.0002530454211847549
1.4718074303216282,-1.996313970733434,-0.004978569888454733,0.03803973280909581,0.009449878071275203,-0.014659348216250093,-0.0002553187428213662
1.530814502912018,-1.9965888731512114,-0.005218857226321326,0.03877599814528688,0.009447745750356264,-0.01466056950072056,-0.0002596102481468631
1.5445630068681577,-1.9971612487533488,-0.005019033200813504,0.038979126626917764,0.009443558123983191,-0.01466323163769749,-0.0002621065503796634
1.5415002577035304,-1.9985039434815686,-0.004555853770429827,0.03899672363322322,0.009433781411011689,-0.014669531456944588,-0.0002645689275080877
1.538995234615704,-1.9993669199471664,-0.004375338460146861,0.03898527475823229,0.009427479765159454,-0.014673588539211276,-0.00026542972420597603
1.5048756341834284,-2.0014856754957333,-0.003052574255133726,0.03867243753114514,0.0094121625782735,-0.01468350658461014,-0.0002695871781973561
1.4940220156289776,-2.0020670091435275,-0.00209107655596242,0.03859597666164288,0.009408044060502675,-0.01468617384800181,-0.0002736083511599972
1.4744661058261965,-2.0026517272912363,-0.0009622596040456123,0.03838671856619967,0.009403933761027158,-0.014688856742981357,-0.0002774368838383303
1.4623703567774815,-2.0031365187737338,-0.000385024336387773,0.03823901297154348,0.009400468783940673,-0.014691105785328841,-0.00027911054713848404
1.424222866100554,-2.004205177565302,0.0007597430836980645,0.03773122919475758,0.009392821778341446,-0.014696094823589342,-0.000280853054012893
1.395207649135345,-2.0042111900602713,0.0008337308573854757,0.03734317262891288,0.009392820737769005,-0.014696170572370715,-0.00027834956987886697
1.3925748710619064,-2.0031547251633417,0.00035775350050326995,0.03731550459922502,0.00940052018858468,-0.014691253565158522,-0.0002758196921392012
1.3899540973070528,-2.0025786504390815,7.80147411160817e-05,0.037282006531398244,0.009404716163717014,-0.014688574619144757,-0.0002742084673026375
1.365158137052756,-2.0021985979901733,-0.00017575368365945447,0.03694762844480598,0.009407501843990675,-0.014686854853630265,-0.0002705261122197669
1.2804246694591763,-2.002503388899401,3.3605593836514265e-05,0.035783006303596675,0.009405391418338035,-0.014688425836815804,-0.0002629841492162695
1.1423889146070203,-2.0027241869225207,0.0005209353795343553,0.033795229558879605,0.009403992291366622,-0.014689679014045554,-0.00025069428353865093
0.9751945140992602,-2.002857695346915,0.0015071472164245629,0.03119171398572518,0.009403316212337419,-0.01469054465435245,-0.00023621789700335735
0.7941783184528222,-2.003284899369792,0.0030680150976620897,0.028013668124923227,0.009400533812550172,-0.014692793858515383,-0.00022023583151944986
0.49882440397968275,-2.003085880536408,0.007699205428428304,0.02096536762736449,0.009402620196420295,-0.014692223402573016,-0.00019021780008012602
0.42227261509198716,-2.001673089312633,0.009103974922371062,0.018422547481410544,0.009413109582592873,-0.014685703473230578,-0.0001781273459487833
0.36181166359971234,-1.9990954338156348,0.009217902657966789,0.01663856767236775,0.009432047755202767,-0.014673704131585204,-0.0001655500981790744
0.30723477385603926,-1.9955488646982689,0.008204091105922254,0.015489598541659063,0.009458021732162852,-0.014657117532037979,-0.00015231657338144293
0.27724979411402095,-1.9915151575000913,0.006417990984116717,0.015364217710050112,0.009487495102435232,-0.014638134683537357,-0.00014290002844671642
0.2740406484345746,-1.9870973167161545,0.004793708857688344,0.015844904664348566,0.009519727443965894,-0.01461720163902514,-0.00013862471753204602
0.30163328657605376,-1.9823904316418122,0.0035137746090077027,0.01700842951518883,0.009554009757886438,-0.014594745382669113,-0.00014090600784153577
0.34488204281864304,-1.9777771456528686,0.002129378529734843,0.018448517281769484,0.00958752273206926,-0.014572639190758822,-0.00014463405820591644
0.4068858222320502,-1.9734494477670657,0.0008538536570581821,0.02015333114312318,0.009618878384441655,-0.01455179943992186,-0.00015074552740843535
0.494159992111523,-1.9695008746324596,-0.0005640662990244163,0.022222552088403975,0.00964737572491733,-0.01453269386110664,-0.00015876219018933757
0.5959637576197834,-1.966508885629683,-0.0019005202406721772,0.024338278090994415,0.00966886030807595,-0.01451814194012808,-0.00016749255408216672
0.7157698006745875,-1.964377770053977,-0.002590935549669122,0.026628121481847875,0.009684097230100094,-0.014507668746146686,-0.00018061940565551441
0.8493078815458192,-1.9632038769613156,-0.002517734913618633,0.02903392657651674,0.00969243408994304,-0.014501750072449714,-0.000198331761501236
0.9886152876297013,-1.9631795214798011,-0.0021361745874904953,0.03136960385088503,0.009692463967077325,-0.01450136474571285,-0.00021711447914277574
1.108866912310852,-1.9645004993480697,-0.0016159677372204237,0.03326042033082437,0.009682786408611924,-0.014507513148803261,-0.0002334593780537242
1.2032671331178808,-1.9667846159069036,-0.0010380842142164342,0.034672604665384965,0.009666162046757527,-0.014518347747793075,-0.0002467009627357516
1.2833876073141486,-1.969359519749145,-0.00036549291209843224,0.035822535117511635,0.009647448932827988,-0.014530579652058909,-0.000258525323717859
1.3528980710202902,-1.9724186116442388,0.0007860651841687467,0.03677336226872011,0.009625281564754229,-0.014545091397284955,-0.00027125038648074666
1.4047439769215964,-1.9755796159454777,0.0021671850190557672,0.037417205748355616,0.009602408742875804,-0.014560066347839844,-0.0002828387094935188
1.435154761384334,-1.978552298085587,0.0032756330508108985,0.03774155520776495,0.009580875505716286,-0.014574165412292932,-0.00029075506645175845
1.4154358048713551,-1.980669980746968,0.0040785496953728755,0.03740055129612034,0.00956556742163738,-0.014584268676603517,-0.0002922741765450711
1.3645403487174534,-1.982312577950382,0.004664334736890309,0.036644021752254376,0.009553714002538228,-0.014592168890283164,-0.0002896747249960922
1.3083164615531337,-1.98366736472953,0.005087369489021167,0.03581110349089107,0.009543935368585759,-0.01459871290035455,-0.0002857088564070923
1.2409519325002738,-1.9845440171908304,0.005392451469574131,0.034811972073534724,0.009537635988886612,-0.014603004631773145,-0.0002799269932172918
1.1777259130340039,-1.9849399117380788,0.005589193668676505,0.03385981138707111,0.009534826113743752,-0.014605004094965447,-0.0002739367393570397
1.1128632203195112,-1.9850479011599846,0.005708417730553291,0.0328675704507196,0.009534108868797119,-0.014605641215752306,-0.00026726538739783585
1.04307458684905,-1.9850592787336876,0.005655460511316998,0.031797646976686564,0.009534080501050046,-0.014605841452634858,-0.000259200101170291
0.957365327639213,-1.9845916842333604,0.005304811620483622,0.03048318062982265,0.009537531058691394,-0.014603811698241547,-0.0002479043258220447
0.8597332326834665,-1.983359192476045,0.004876545680933063,0.028912843770636597,0.009546569696888154,-0.01459815906628537,-0.00023433264689824864
0.7617100027608033,-1.981550932746246,0.00428441538306153,0.027264515172402918,0.00955979335268395,-0.014589758336566491,-0.00021938565271444597
0.672502176488825,-1.979550578226346,0.0037791713113582252,0.025655799357810545,0.009574415302166218,-0.014580399673756265,-0.00020514017297874694
0.5890411525921917,-1.9771663379762001,0.003276716706481527,0.024047957921986985,0.009591824007527592,-0.014569171011513785,-0.0001909045094003082
0.5135145437044182,-1.9746856950513785,0.0028568746833037,0.02248005361978295,0.009609924759376862,-0.014557435321594446,-0.0001773614395819894
0.45236840792224803,-1.972394443771004,0.0024385492706132444,0.021128698146763318,0.009626623216123557,-0.014546558145856222,-0.00016541922021208756
0.39863172322319096,-1.970389369342165,0.0019710774300567896,0.019868230343639357,0.00964122167730203,-0.014537027234656878,-0.00015391985129749842
0.34054500074326544,-1.9692467343088693,0.0012547303841921353,0.018411155651024476,0.009649537077623511,-0.014531660924166688,-0.00013983035930293172
0.25818734603201426,-1.9703123091438872,0.0003544645419278759,0.01606429895515301,0.00964182942202972,-0.014536991629462433,-0.00011847475072411709
0.16434578247578158,-1.9742568458395993,9.845995921894432e-06,0.012819738122603983,0.00961323234358889,-0.014556163749224891,-9.335170938408505e-05
0.08961990859548107,-1.9829919484739056,0.0009672401904500447,0.009417237121866436,0.009549688048631528,-0.014598125981576756,-7.33560226707939e-05
0.05989085480473429,-1.9953653412339598,0.0034547282989379285,0.006925005933950652,0.009459281133051176,-0.014656946685182836,-6.708960802374566e-05
0.08750040031224018,-2.008698764914304,0.007236329088265336,0.0059275578140213165,0.009361395508559349,-0.014719587610420063,-7.749667453513449e-05
0.15711981658926025,-2.0216531856694946,0.010973823229478404,0.0060576414814200105,0.009265864435293923,-0.01477973089339338,-9.560590041098464e-05
0.2491779347874483,-2.0308710115577115,0.013879472658120057,0.007519187025200666,0.00919768232722234,-0.014822021646958145,-0.0001195537722026092
0.3153386687027265,-2.034808925752598,0.01513489613669088,0.009288357639233427,0.009168539136742062,-0.014839897005517773,-0.00013830094851561902
0.3248890623961239,-2.033171128065704,0.0142952288841285,0.010978865767760448,0.00918073816994586,-0.014832328653541178,-0.00014704120213221116
0.3066790928932725,-2.02855267043576,0.01229782592425037,0.01246766098472797,0.009214972471281892,-0.014811130755167021,-0.00014899276308501583
0.2641857220878597,-2.0227834193515215,0.009719595606148065,0.013027478011526518,0.009257609107421893,-0.014784627757875939,-0.00014129466541856336
0.25823406751492,-2.016536940760668,0.007508344531344285,0.014207703189240419,0.009303673151348783,-0.014755699334999954,-0.00013975210255866736
0.2875038779715062,-2.0105862277068276,0.006853199231622736,0.015509272654228237,0.009347499742175762,-0.0147278993368767,-0.00014624264202464584
0.3387370316953911,-2.0049213672086723,0.006435824815815618,0.0172428881175841,0.009389135025068725,-0.014701259005422856,-0.00015696367414939482
0.4085792521115287,-1.9991556019664294,0.005753959636294113,0.019377079259151178,0.00943139753234848,-0.014674000830936923,-0.00016930947260104128
0.4870685983983876,-1.9932857082871627,0.004076649387318302,0.0216898485050326,0.009474246818839318,-0.014646167966309236,-0.00017815603893622814
0.5792503449781935,-1.9885573163978425,0.0010272122503078213,0.02404568942598675,0.009508504174716955,-0.014623711045964159,-0.00018071136499549171
0.7052597692840232,-1.985362873613182,-0.0013492634991998547,0.026522429324889345,0.00953147828448638,-0.014608419240724091,-0.00018730528240901116
0.8564325360492824,-1.9837989325511562,-0.0021606439539744978,0.02918499877939754,0.009542618826467137,-0.014600750586984578,-0.00020276501937171968
1.0004705828039853,-1.983005077512003,-0.002231061492706746,0.031551433365534225,0.009548214815117773,-0.014596716388617795,-0.00021963849759617824
1.1079200329331518,-1.9825078898264792,-0.0016989758090945129,0.03324204437355295,0.009551765644699749,-0.014594113042471948,-0.00023447488794427944
1.1895249321273507,-1.9823986195902092,-0.0012887489194877192,0.03446540378916037,0.009552509533017523,-0.01459341347793539,-0.0002453515143209156
1.2378779734353549,-1.9826789519076762,-0.0008757737422179255,0.03517258867055134,0.009550455883594624,-0.014594631543410317,-0.0002525085872005408
1.2984295432008708,-1.983725307352749,-0.00013961392145051614,0.036033457385516145,0.009542840829750173,-0.014599454124354174,-0.000262396493978158
1.3861205913113739,-1.9857281126604156,0.0010469293217597103,0.03721591770071798,0.009528272352664416,-0.0146087380717425,-0.00027685954373829307
1.4929260257571064,-1.9883028348711604,0.002128952637045984,0.038579704333059905,0.009509488593386552,-0.014620694422471197,-0.00029219209733303615
1.5979579969836741,-1.9902993548467534,0.00262376462870607,0.039888267149085645,0.00949484632291096,-0.014629934505590367,-0.0003042806429068192
1.6777774363875628,-1.9917218686778613,0.0026514101341289713,0.04087477780597958,0.009484357248072658,-0.014636529204896108,-0.000311752289443372
1.7127118063734565,-1.9932457200190534,0.002392349720307173,0.041315716975373944,0.009473126267107241,-0.014643709956680033,-0.0003138866516646076
1.7271195406925959,-1.9949676611469176,0.002456338071914032,0.04148597285793189,0.009460509131885621,-0.014651826976990849,-0.0003155898977172756
1.7115026586951338,-1.9964144111504016,0.0032449946837368243,0.0412428499039246,0.009450043371331637,-0.014658619819634459,-0.0003176628929790289
1.6702721361049961,-1.9972933772306893,0.004216449798050159,0.040650875601953754,0.009443786662392302,-0.014662758414425334,-0.00031798458927452983
1.5974944139662735,-1.9977953519404248,0.005188543301286888,0.03963046091552487,0.009440317575010534,-0.01466518088771912,-0.0003151304432329054
1.5082930612430805,-1.9974340137511049,0.005758743037830452,0.03840742037506971,0.009443129294807916,-0.01466360188036485,-0.00030882822834413725
1.4188752600362495,-1.9965856096600965,0.005576674358872959,0.037252865166740375,0.009449405166539221,-0.014659790374694205,-0.00029944639572092454
1.3386039515460555,-1.9954445432497643,0.005022655096909861,0.03624054203959346,0.009457768174387102,-0.0146546046738479,-0.0002893322042112681
1.2797276505536141,-1.994295886659275,0.004007385403195954,0.035548115460370976,0.009466107905155405,-0.01464937186210267,-0.000279378348223289
1.2298952377195314,-1.9930505319154956,0.002954608960610982,0.03494517883212803,0.009475143381037852,-0.014643658791654454,-0.0002698900759016317
1.1862164656665486,-1.9909438268428366,0.0020174445179086623,0.034382355697126235,0.009490490897245206,-0.014633830310843537,-0.00026117341178604565
1.1393700366697694,-1.988072650053205,0.0011426819721860053,0.03373520882668744,0.009511432322970874,-0.01462034970071276,-0.0002520694036072207
1.0413326541548495,-1.985500420520577,0.0005144654485265132,0.032265585062991216,0.009530264531840145,-0.01460833615366314,-0.00023814582303336966
0.9077184197882843,-1.9839918300764923,0.0004557770263743073,0.030124918042884592,0.009541429713039645,-0.014601394097647487,-0.0002221243986195046
0.7396678978908496,-1.9837384593795402,0.001129786028253432,0.027173359774257083,0.009543541849492564,-0.014600451451967688,-0.00020377587999709769
0.5558341956371172,-1.9852140798577755,0.0021953748481004782,0.023473698577630348,0.009533062045465855,-0.014607774839149329,-0.00018192268628368846
0.36760108970288863,-1.9882251912626905,0.003668718311231974,0.01881865020812385,0.009511346226733195,-0.0146224132707626,-0.00015503942722408452
0.2135145721008402,-1.9927642027615426,0.0054228694602594515,0.013568605636461898,0.009478335292372764,-0.014644232957195556,-0.00012505283814291256
0.12554243958124772,-1.998442070079903,0.007389314083560173,0.008422616989733477,0.009436785311417265,-0.014671270369240354,-9.665122966555702e-05
0.10834809592852661,-2.0048755803422833,0.009483616977550319,0.004290583288044409,0.009389483669861106,-0.014701632415811778,-7.606230036786783e-05
0.13208347681265706,-2.009674043802114,0.011256227149386238,0.002319661004129095,0.009354102634383398,-0.014724108036575872,-6.972351502762227e-05
0.14908170994697734,-2.0123605285584554,0.01209261823752738,0.0016882814067558493,0.009334275340959973,-0.014736641553378206,-6.887798922321606e-05
0.1354991342170108,-2.0130286449248582,0.01149442350779121,0.0018377601694855577,0.009329370374121893,-0.014739782296088978,-6.716215152934036e-05
0.12090892781768615,-2.0123548963899807,0.010657735153434928,0.00270584722719586,0.009334380742710261,-0.014736647509908472,-6.967924516537895e-05
0.12108827287066859,-2.0112037120668558,0.010221471949053996,0.00407551028281992,0.009342908498022199,-0.014731241999841238,-7.776767415526939e-05
0.14013270893899638,-2.009860759152467,0.01002471424039599,0.006295856839017087,0.009352854796232338,-0.014724879913358285,-9.323256195646063e-05
0.1784829382834467,-2.008131125244422,0.009767334433638555,0.009114939184926322,0.009365636073426971,-0.014716654675681057,-0.00011280953433520814
0.23322747045367898,-2.0062039047387357,0.009186605704622444,0.012199743689171398,0.009379833395420735,-0.014707468335139284,-0.00013279921340020299
0.36039817132436197,-2.0034903592835525,0.007665238467911239,0.017367852214779343,0.00939970737816999,-0.01469444542619539,-0.0001636352038659062
0.4121700678636917,-2.0025196930056715,0.0071342643305833875,0.01900716549949143,0.009406786180339431,-0.014689780820269999,-0.0001731663967743223
0.5231893283398856,-2.0008660673746976,0.0063223212890868435,0.021982210577133614,0.009418810346775382,-0.014681786440804992,-0.00019115201502411164
0.6244702924229585,-1.99959732719804,0.005575337290304885,0.024359513675816565,0.00942799115827145,-0.014675630129849479,-0.00020503913902194433
0.7430461963073014,-1.998806796968925,0.00512285026299254,0.026773169433039836,0.00943365628109544,-0.014671681780830063,-0.00022058214268384405
0.7780897631901716,-1.998705152537005,0.005148412352662291,0.027415025322569484,0.009434375220213757,-0.014671128643121808,-0.00022540658959451312
0.8334680518891401,-1.9985975436879242,0.004888162618753915,0.02845301246092858,0.009435091704129352,-0.01467052430970513,-0.00023178798512642166
0.8769009558026406,-1.9987803232045152,0.004738945298387857,0.029230863026286587,0.009433697658167766,-0.014671308179445171,-0.0002367992708889234
0.9231383216931593,-1.9988686197019034,0.004806443707602695,0.030000607003505875,0.009433016223939371,-0.014671626463404103,-0.00024276886243492995
0.936104696502221,-1.998674850213333,0.004819866140578545,0.03021379795538994,0.009434427590732855,-0.014670685325380808,-0.00024438570770863124
0.9623128299073197,-1.9982872684637276,0.004846958381234112,0.030640166846117273,0.009437250122234413,-0.014668801877047458,-0.0002476199241748085
0.9722655824922706,-1.9973270184929601,0.004797035354435753,0.030809966476784165,0.009444277520484864,-0.014664252569881691,-0.0002485768231799337
0.9380154070799976,-1.9955097003942548,0.004447682522094848,0.030302368344118744,0.009457591203915768,-0.014655758427486915,-0.00024310503454860112
0.9169763979847823,-1.995225572010488,0.004400112295526235,0.029960230469266106,0.009459687248237293,-0.014654460206760065,-0.00024035740958919689
0.8677987276736217,-1.994849743875356,0.004250862601396288,0.029150109687918365,0.009462470032486212,-0.014652791145718448,-0.00023369552678220975
0.8078209912716705,-1.994954710650014,0.004078954865763857,0.02812797750416357,0.009461738296696243,-0.014653419332148544,-0.00022539910176834905
0.7440069649333075,-1.9952532330048707,0.004068300806865839,0.026971390277072523,0.009459608125460654,-0.0146549601830001,-0.00021688928105732935
0.6940406756749866,-1.995740971191389,0.004061679445929625,0.02602966453401771,0.00945607834311511,-0.014657367670816091,-0.00020998022548738657
0.6676572107150761,-1.9959373303577417,0.0040796951615212846,0.025514962239912016,0.009454664448042802,-0.01465834819432927,-0.00020630220821857688
0.6458553708780337,-1.9961326005580327,0.004058375004928143,0.025087545977982944,0.009453250645367095,-0.014659316569191519,-0.00020307748993199005
0.6204450294673238,-1.996424579351606,0.0040744196406103965,0.02457324020269879,0.009451134254656001,-0.014660747057170687,-0.0001993962235920336
0.6099021431016285,-1.9966179496776266,0.004061599725723783,0.024359916887576383,0.00944972485663676,-0.014661682887458517,-0.00019778015651089202
0.5764230696359589,-1.9975833755786965,0.0042683282751052026,0.0236263506147669,0.009442692873698293,-0.01466629956745213,-0.0001934179380290724
0.5255927383255566,-1.9996045955608275,0.0043104094773905085,0.022516951580149092,0.009427912151297254,-0.014675937136340203,-0.0001855565849128093
0.3980730718649293,-2.006138540820633,0.0037371149848313932,0.01959864902117179,0.009379977992367778,-0.014706949775859695,-0.00016165101512614943
0.3512152924939962,-2.009212894705742,0.003731295088496258,0.018365531014826658,0.009357397189737023,-0.014721448340694311,-0.00015264603479702303
0.283810029628036,-2.016509563974681,0.004160358789550047,0.016324871955707636,0.00930370240424793,-0.014755614955499123,-0.00013979860349804134
0.248537039408986,-2.024956072645112,0.005421983572258865,0.014803348727606906,0.009241389317824382,-0.014794811861407606,-0.00013456233909370715
0.23849468420390268,-2.0346498099357317,0.007292799669188858,0.013612852647001714,0.009169654585185288,-0.014839404751399497,-0.0001344414560415372
0.24928078372197549,-2.0454977129313634,0.00973018135487452,0.01243399994061556,0.00908910044219204,-0.01488885258567625,-0.00013678435346234333
0.28786430544393193,-2.0546181640207632,0.01189683629822602,0.012096676879918047,0.00902115171724193,-0.014930022264597595,-0.00014396391189428316
0.3402720377107514,-2.05980404284422,0.01340721429454278,0.01266959520154291,0.008982446970544901,-0.014953207111919296,-0.00015494066459734943
0.4058385380356985,-2.057685538992532,0.013115270158074102,0.015291442924604251,0.008998322047786177,-0.014943492540906857,-0.00017326310188433124
